case,cell_id,level,i,j,q,oracle,amr,diff,absdiff
mini_odd_diagonal_bgk_stream,3,0,3,1,1,4.4444444453237053e-01,4.4444444444444459e-01,-8.7925944303179904e-11,8.7925944303179904e-11
mini_odd_diagonal_bgk_stream,3,0,3,1,3,1.1111111111029633e-01,1.1111111111111112e-01,+8.1479267777240239e-13,8.1479267777240239e-13
mini_odd_diagonal_bgk_stream,3,0,3,1,4,1.1111111125903707e-01,1.1111111111111110e-01,-1.4792596314538997e-10,1.4792596314538997e-10
mini_odd_diagonal_bgk_stream,3,0,3,1,5,1.1111111114162966e-01,1.1111111111111115e-01,-3.0518518268074502e-11,3.0518518268074502e-11
mini_odd_diagonal_bgk_stream,3,0,3,1,6,2.7777777777782415e-02,2.7777777986777791e-02,+2.0899537656049461e-10,2.0899537656049461e-10
mini_odd_diagonal_bgk_stream,3,0,3,1,7,2.7777777797277785e-02,2.7777777777777783e-02,-1.9500002307326625e-11,1.9500002307326625e-11
mini_odd_diagonal_bgk_stream,3,0,3,1,8,2.7777777827050931e-02,2.7777777777777776e-02,-4.9273155000584268e-11,4.9273155000584268e-11
mini_odd_diagonal_bgk_stream,11,0,3,2,1,4.4444444447651865e-01,4.4444444444444459e-01,-3.2074065625664616e-11,3.2074065625664616e-11
mini_odd_diagonal_bgk_stream,11,0,3,2,3,1.1111111114200004e-01,1.1111111111111115e-01,-3.0888888669089454e-11,3.0888888669089454e-11
mini_odd_diagonal_bgk_stream,11,0,3,2,4,1.1111111113251855e-01,1.1111111111111110e-01,-2.1407445260912539e-11,2.1407445260912539e-11
mini_odd_diagonal_bgk_stream,11,0,3,2,5,1.1111111111051855e-01,1.1111111111111115e-01,+5.9259541718148512e-13,5.9259541718148512e-13
mini_odd_diagonal_bgk_stream,11,0,3,2,7,2.7777777801115750e-02,2.7777777777777776e-02,-2.3337973914516752e-11,2.3337973914516752e-11
mini_odd_diagonal_bgk_stream,11,0,3,2,8,2.7777777770666676e-02,2.7777777777777776e-02,+7.1110999033674460e-12,7.1110999033674460e-12
mini_odd_diagonal_bgk_stream,33,1,7,1,1,1.1111111128029633e-01,1.1111111111111110e-01,-1.6918522138809067e-10,1.6918522138809067e-10
mini_odd_diagonal_bgk_stream,33,1,7,1,2,2.7777777760555560e-02,2.7777777777777787e-02,+1.7222227116642230e-11,1.7222227116642230e-11
mini_odd_diagonal_bgk_stream,33,1,7,1,3,2.7777777790740747e-02,2.7777777777777783e-02,-1.2962964035523328e-11,1.2962964035523328e-11
mini_odd_diagonal_bgk_stream,33,1,7,1,4,2.7777777835814820e-02,2.7777777777777776e-02,-5.8037043920711184e-11,5.8037043920711184e-11
mini_odd_diagonal_bgk_stream,33,1,7,1,5,2.7777777946444454e-02,2.7777777777777776e-02,-1.6866667784665168e-10,1.6866667784665168e-10
mini_odd_diagonal_bgk_stream,33,1,7,1,6,6.9444444515416679e-03,6.9444444444444458e-03,-7.0972221155596316e-12,7.0972221155596316e-12
mini_odd_diagonal_bgk_stream,33,1,7,1,7,6.9444444448055580e-03,6.9444444444444458e-03,-3.6111218182366400e-13,3.6111218182366400e-13
mini_odd_diagonal_bgk_stream,33,1,7,1,8,6.9444445062083332e-03,6.9444444444444441e-03,-6.1763889142030237e-11,6.1763889142030237e-11
mini_odd_diagonal_bgk_stream,33,1,7,1,9,6.9444444485740765e-03,6.9444444444444467e-03,-4.1296297978443697e-12,4.1296297978443697e-12
mini_odd_diagonal_bgk_stream,35,1,7,2,1,1.1111111132066669e-01,1.1111111111111110e-01,-2.0955558122093265e-10,2.0955558122093265e-10
mini_odd_diagonal_bgk_stream,35,1,7,2,2,2.7777777738592604e-02,2.7777777777777787e-02,+3.9185182876266822e-11,3.9185182876266822e-11
mini_odd_diagonal_bgk_stream,35,1,7,2,3,2.7777777738111121e-02,2.7777777777777783e-02,+3.9666662315918089e-11,3.9666662315918089e-11
mini_odd_diagonal_bgk_stream,35,1,7,2,4,2.7777777912666668e-02,2.7777777777777776e-02,-1.3488889172297291e-10,1.3488889172297291e-10
mini_odd_diagonal_bgk_stream,35,1,7,2,5,2.7777777791000005e-02,2.7777777777777776e-02,-1.3222228867348917e-11,1.3222228867348917e-11
mini_odd_diagonal_bgk_stream,35,1,7,2,6,6.9444444219074085e-03,6.9444444444444458e-03,+2.2537037340508714e-11,2.2537037340508714e-11
mini_odd_diagonal_bgk_stream,35,1,7,2,7,6.9444444368750016e-03,6.9444444444444458e-03,+7.5694442033813480e-12,7.5694442033813480e-12
mini_odd_diagonal_bgk_stream,35,1,7,2,8,6.9444444661944460e-03,6.9444444444444441e-03,-2.1750001973075417e-11,2.1750001973075417e-11
mini_odd_diagonal_bgk_stream,35,1,7,2,9,6.9444444299768537e-03,6.9444444444444467e-03,+1.4467592922284833e-11,1.4467592922284833e-11
mini_odd_diagonal_bgk_stream,38,1,10,1,2,2.7777777776592599e-02,2.7777777777777776e-02,+1.1851769565751624e-12,1.1851769565751624e-12
mini_odd_diagonal_bgk_stream,38,1,10,1,9,6.9444444388842615e-03,6.9444444444444441e-03,+5.5601825227347135e-12,5.5601825227347135e-12
mini_odd_diagonal_bgk_stream,40,1,10,2,2,2.7777777727629641e-02,2.7777777777777776e-02,+5.0148135644079161e-11,5.0148135644079161e-11
mini_odd_diagonal_bgk_stream,40,1,10,2,6,6.9444444388842615e-03,6.9444444444444458e-03,+5.5601842574581894e-12,5.5601842574581894e-12
mini_odd_diagonal_bgk_stream,40,1,10,2,9,6.9444444278425957e-03,6.9444444444444441e-03,+1.6601848368269501e-11,1.6601848368269501e-11
mini_odd_diagonal_bgk_stream,41,1,7,3,2,2.7777777786925934e-02,2.7777777777777787e-02,-9.1481475172905391e-12,9.1481475172905391e-12
mini_odd_diagonal_bgk_stream,41,1,7,3,3,2.7777777827666668e-02,2.7777777777777776e-02,-4.9888891628935284e-11,4.9888891628935284e-11
mini_odd_diagonal_bgk_stream,41,1,7,3,4,2.7777777727888892e-02,2.7777777777777776e-02,+4.9888884690041380e-11,4.9888884690041380e-11
mini_odd_diagonal_bgk_stream,41,1,7,3,5,2.7777777768629636e-02,2.7777777777777776e-02,+9.1481405783966352e-12,9.1481405783966352e-12
mini_odd_diagonal_bgk_stream,41,1,7,3,6,6.9444444482268533e-03,6.9444444444444467e-03,-3.7824066795311140e-12,3.7824066795311140e-12
mini_odd_diagonal_bgk_stream,41,1,7,3,8,6.9444444406620400e-03,6.9444444444444441e-03,+3.7824040774459000e-12,3.7824040774459000e-12
mini_odd_diagonal_bgk_stream,43,1,7,4,1,1.1111111107903707e-01,1.1111111111111110e-01,+3.2074037870089001e-11,3.2074037870089001e-11
mini_odd_diagonal_bgk_stream,43,1,7,4,2,2.7777777778370379e-02,2.7777777777777787e-02,-5.9259194773453316e-13,5.9259194773453316e-13
mini_odd_diagonal_bgk_stream,43,1,7,4,3,2.7777777755185196e-02,2.7777777777777776e-02,+2.2592580584124278e-11,2.2592580584124278e-11
mini_odd_diagonal_bgk_stream,43,1,7,4,4,2.7777777748074085e-02,2.7777777777777776e-02,+2.9703690895832580e-11,2.9703690895832580e-11
mini_odd_diagonal_bgk_stream,43,1,7,4,6,6.9444444515555570e-03,6.9444444444444467e-03,-7.1111103117083019e-12,7.1111103117083019e-12
mini_odd_diagonal_bgk_stream,43,1,7,4,7,6.9444444211064832e-03,6.9444444444444441e-03,+2.3337960904090682e-11,2.3337960904090682e-11
mini_odd_diagonal_bgk_stream,46,1,10,3,2,2.7777777739851864e-02,2.7777777777777776e-02,+3.7925912410585738e-11,3.7925912410585738e-11
mini_odd_diagonal_bgk_stream,46,1,10,3,6,6.9444444278425957e-03,6.9444444444444441e-03,+1.6601848368269501e-11,1.6601848368269501e-11
mini_odd_diagonal_bgk_stream,46,1,10,3,9,6.9444444437731494e-03,6.9444444444444441e-03,+6.7129461711612493e-13,6.7129461711612493e-13
mini_odd_diagonal_bgk_stream,48,1,10,4,2,2.7777777777703710e-02,2.7777777777777776e-02,+7.4065753530305756e-14,7.4065753530305756e-14
mini_odd_diagonal_bgk_stream,48,1,10,4,6,6.9444444437731494e-03,6.9444438194444444e-03,-6.2432870505391147e-10,6.2432870505391147e-10
mini_odd_diagonal_bgk_stream,65,2,15,1,1,2.7777777815703713e-02,2.7777777777777776e-02,-3.7925936696714402e-11,3.7925936696714402e-11
mini_odd_diagonal_bgk_stream,65,2,15,1,2,6.9444444462592615e-03,6.9444444444444475e-03,-1.8148139241391803e-12,1.8148139241391803e-12
mini_odd_diagonal_bgk_stream,65,2,15,1,3,6.9444444708148170e-03,6.9444448604444493e-03,+3.8962963237743065e-10,3.8962963237743065e-10
mini_odd_diagonal_bgk_stream,65,2,15,1,4,6.9444444432222247e-03,6.9444444444444441e-03,+1.2222193743194332e-12,1.2222193743194332e-12
mini_odd_diagonal_bgk_stream,65,2,15,1,5,6.9444444598518512e-03,6.9444444444444441e-03,-1.5407407120970884e-11,1.5407407120970884e-11
mini_odd_diagonal_bgk_stream,65,2,15,1,6,1.7361111192592598e-03,1.7361111111111114e-03,-8.1481483886480799e-12,8.1481483886480799e-12
mini_odd_diagonal_bgk_stream,65,2,15,1,7,1.7361111192592598e-03,1.7361111111111112e-03,-8.1481486054885144e-12,8.1481486054885144e-12
mini_odd_diagonal_bgk_stream,65,2,15,1,8,1.7361111089629635e-03,1.7361111111111110e-03,+2.1481475452611587e-12,2.1481475452611587e-12
mini_odd_diagonal_bgk_stream,65,2,15,1,9,1.7361111175555558e-03,1.7361111111111119e-03,-6.4444439368260831e-12,6.4444439368260831e-12
mini_odd_diagonal_bgk_stream,66,2,16,1,1,2.7777777808666675e-02,2.7777777777777776e-02,-3.0888899077430310e-11,3.0888899077430310e-11
mini_odd_diagonal_bgk_stream,66,2,16,1,2,6.9444444574814843e-03,6.9444444444444458e-03,-1.3037038462671013e-11,1.3037038462671013e-11
mini_odd_diagonal_bgk_stream,66,2,16,1,3,6.9444444682222242e-03,6.9444444444444458e-03,-2.3777778357381152e-11,2.3777778357381152e-11
mini_odd_diagonal_bgk_stream,66,2,16,1,4,6.9444444438518530e-03,6.9444444444444441e-03,+5.9259108037279518e-13,5.9259108037279518e-13
mini_odd_diagonal_bgk_stream,66,2,16,1,5,6.9444444491851866e-03,6.9444444444444441e-03,-4.7407425207701692e-12,4.7407425207701692e-12
mini_odd_diagonal_bgk_stream,66,2,16,1,6,1.7361111165972230e-03,1.7361111111111114e-03,-5.4861115650339798e-12,5.4861115650339798e-12
mini_odd_diagonal_bgk_stream,66,2,16,1,7,1.7361111165972228e-03,1.7361111111111114e-03,-5.4861113481935453e-12,5.4861113481935453e-12
mini_odd_diagonal_bgk_stream,66,2,16,1,8,1.7361111040000005e-03,1.7361111111111110e-03,+7.1111105285487364e-12,7.1111105285487364e-12
mini_odd_diagonal_bgk_stream,66,2,16,1,9,1.7361111180740736e-03,1.7361111111111114e-03,-6.9629621079342341e-12,6.9629621079342341e-12
mini_odd_diagonal_bgk_stream,67,2,15,2,1,2.7777777806962965e-02,2.7777777777777776e-02,-2.9185188987757016e-11,2.9185188987757016e-11
mini_odd_diagonal_bgk_stream,67,2,15,2,2,6.9444444491111122e-03,6.9444444444444475e-03,-4.6666646241755316e-12,4.6666646241755316e-12
mini_odd_diagonal_bgk_stream,67,2,15,2,3,6.9444444254814835e-03,6.9444444444444458e-03,+1.8962962276825035e-11,1.8962962276825035e-11
mini_odd_diagonal_bgk_stream,67,2,15,2,4,6.9444444385185211e-03,6.9444444444444441e-03,+5.9259229467922836e-12,5.9259229467922836e-12
mini_odd_diagonal_bgk_stream,67,2,15,2,5,6.9444445125185182e-03,6.9444444444444441e-03,-6.8074074155433095e-11,6.8074074155433095e-11
mini_odd_diagonal_bgk_stream,67,2,15,2,6,1.7361111035370373e-03,1.7361111111111114e-03,+7.5740741803387301e-12,7.5740741803387301e-12
mini_odd_diagonal_bgk_stream,67,2,15,2,7,1.7361111050138893e-03,1.7361111111111114e-03,+6.0972221195554344e-12,6.0972221195554344e-12
mini_odd_diagonal_bgk_stream,67,2,15,2,8,1.7361111173055561e-03,1.7361111111111110e-03,-6.1944451304474235e-12,6.1944451304474235e-12
mini_odd_diagonal_bgk_stream,67,2,15,2,9,1.7361111200601856e-03,1.7361111111111119e-03,-8.9490736869535237e-12,8.9490736869535237e-12
mini_odd_diagonal_bgk_stream,68,2,16,2,1,2.7777777796740746e-02,2.7777777777777776e-02,-1.8962970083080677e-11,1.8962970083080677e-11
mini_odd_diagonal_bgk_stream,68,2,16,2,2,6.9444444696296305e-03,6.9444444444444458e-03,-2.5185184666931537e-11,2.5185184666931537e-11
mini_odd_diagonal_bgk_stream,68,2,16,2,3,6.9444444290000023e-03,6.9444444444444458e-03,+1.5444443467182989e-11,1.5444443467182989e-11
mini_odd_diagonal_bgk_stream,68,2,16,2,4,6.9444444302222234e-03,6.9444444444444441e-03,+1.4222220623416604e-11,1.4222220623416604e-11
mini_odd_diagonal_bgk_stream,68,2,16,2,5,6.9444444607777763e-03,6.9444444444444441e-03,-1.6333332256146527e-11,1.6333332256146527e-11
mini_odd_diagonal_bgk_stream,68,2,16,2,6,1.7361111072592599e-03,1.7361111111111114e-03,+3.8518515634022865e-12,3.8518515634022865e-12
mini_odd_diagonal_bgk_stream,68,2,16,2,7,1.7361111107407410e-03,1.7361111111111114e-03,+3.7037040101495222e-13,3.7037040101495222e-13
mini_odd_diagonal_bgk_stream,68,2,16,2,8,1.7361111052592599e-03,1.7361111111111110e-03,+5.8518511217298119e-12,5.8518511217298119e-12
mini_odd_diagonal_bgk_stream,68,2,16,2,9,1.7361111331851845e-03,1.7361111111111114e-03,-2.2074073038197417e-11,2.2074073038197417e-11
mini_odd_diagonal_bgk_stream,69,2,17,1,1,2.7777777778962967e-02,2.7777777777777776e-02,-1.1851908343629702e-12,1.1851908343629702e-12
mini_odd_diagonal_bgk_stream,69,2,17,1,2,6.9444444611111138e-03,6.9444444444444441e-03,-1.6666669780396326e-11,1.6666669780396326e-11
mini_odd_diagonal_bgk_stream,69,2,17,1,3,6.9444444456296314e-03,6.9444444444444458e-03,-1.1851856301925423e-12,1.1851856301925423e-12
mini_odd_diagonal_bgk_stream,69,2,17,1,5,6.9444444373333355e-03,6.9444444444444441e-03,+7.1111085769848259e-12,7.1111085769848259e-12
mini_odd_diagonal_bgk_stream,69,2,17,1,6,1.7361111111851854e-03,1.7361111111111114e-03,-7.4073993466816646e-14,7.4073993466816646e-14
mini_odd_diagonal_bgk_stream,69,2,17,1,7,1.7361111111851854e-03,1.7361111111111114e-03,-7.4073993466816646e-14,7.4073993466816646e-14
mini_odd_diagonal_bgk_stream,69,2,17,1,8,1.7361111110370377e-03,1.7361111111111114e-03,+7.4073776626382148e-14,7.4073776626382148e-14
mini_odd_diagonal_bgk_stream,69,2,17,1,9,1.7361111138518522e-03,1.7361111111111110e-03,-2.7407412277191678e-12,2.7407412277191678e-12
mini_odd_diagonal_bgk_stream,70,2,18,1,2,6.9444444456296314e-03,6.9444444444444441e-03,-1.1851873649160183e-12,1.1851873649160183e-12
mini_odd_diagonal_bgk_stream,70,2,18,1,5,6.9444444432592619e-03,6.9444444444444441e-03,+1.1851821607455904e-12,1.1851821607455904e-12
mini_odd_diagonal_bgk_stream,71,2,17,2,2,6.9444444585185193e-03,6.9444444444444441e-03,-1.4074075238568184e-11,1.4074075238568184e-11
mini_odd_diagonal_bgk_stream,71,2,17,2,3,6.9444444438518530e-03,6.9444444444444458e-03,+5.9259281509627115e-13,5.9259281509627115e-13
mini_odd_diagonal_bgk_stream,71,2,17,2,4,6.9444444450370395e-03,6.9444444444444458e-03,-5.9259368245800914e-13,5.9259368245800914e-13
mini_odd_diagonal_bgk_stream,71,2,17,2,5,6.9444444303703714e-03,6.9444444444444441e-03,+1.4074072636482970e-11,1.4074072636482970e-11
mini_odd_diagonal_bgk_stream,71,2,17,2,6,1.7361111094861116e-03,1.7361111111111114e-03,+1.6249998308764946e-12,1.6249998308764946e-12
mini_odd_diagonal_bgk_stream,71,2,17,2,8,1.7361111127361113e-03,1.7361111111111114e-03,-1.6249998308764946e-12,1.6249998308764946e-12
mini_odd_diagonal_bgk_stream,72,2,18,2,1,2.7777777776592603e-02,2.7777777777777776e-02,+1.1851734871282105e-12,1.1851734871282105e-12
mini_odd_diagonal_bgk_stream,72,2,18,2,2,6.9444444515555578e-03,6.9444444444444441e-03,-7.1111137811552538e-12,7.1111137811552538e-12
mini_odd_diagonal_bgk_stream,72,2,18,2,5,6.9444444277777795e-03,6.9444444444444441e-03,+1.6666664576225898e-11,1.6666664576225898e-11
mini_odd_diagonal_bgk_stream,72,2,18,2,6,1.7361111111851854e-03,1.7361111111111114e-03,-7.4073993466816646e-14,7.4073993466816646e-14
mini_odd_diagonal_bgk_stream,72,2,18,2,9,1.7361111083703707e-03,1.7361111111111110e-03,+2.7407403603574299e-12,2.7407403603574299e-12
mini_odd_diagonal_bgk_stream,73,2,15,3,1,2.7777777810962957e-02,2.7777777777777776e-02,-3.3185180298156425e-11,3.3185180298156425e-11
mini_odd_diagonal_bgk_stream,73,2,15,3,2,6.9444444119629647e-03,6.9444444444444475e-03,+3.2481482781232529e-11,3.2481482781232529e-11
mini_odd_diagonal_bgk_stream,73,2,15,3,3,6.9444444465185202e-03,6.9444444444444458e-03,-2.0740744191560800e-12,2.0740744191560800e-12
mini_odd_diagonal_bgk_stream,73,2,15,3,4,6.9444444576666712e-03,6.9444444444444441e-03,-1.3222227132625441e-11,1.3222227132625441e-11
mini_odd_diagonal_bgk_stream,73,2,15,3,5,6.9444444311111105e-03,6.9444444444444441e-03,+1.3333333569176542e-11,1.3333333569176542e-11
mini_odd_diagonal_bgk_stream,73,2,15,3,6,1.7361111073333337e-03,1.7361111111111114e-03,+3.7777777867759044e-12,3.7777777867759044e-12
mini_odd_diagonal_bgk_stream,73,2,15,3,7,1.7361111107407415e-03,1.7361111111111114e-03,+3.7036996733408323e-13,3.7036996733408323e-13
mini_odd_diagonal_bgk_stream,73,2,15,3,8,1.7361111201481488e-03,1.7361111111111110e-03,-9.0370378281329211e-12,9.0370378281329211e-12
mini_odd_diagonal_bgk_stream,73,2,15,3,9,1.7361110936296301e-03,1.7361111111111119e-03,+1.7481481756967399e-11,1.7481481756967399e-11
mini_odd_diagonal_bgk_stream,74,2,16,3,2,6.9444444714074046e-03,6.9444444444444458e-03,-2.6962958775411661e-11,2.6962958775411661e-11
mini_odd_diagonal_bgk_stream,74,2,16,3,3,6.9444444554074098e-03,6.9444444444444458e-03,-1.0962964043514933e-11,1.0962964043514933e-11
mini_odd_diagonal_bgk_stream,74,2,16,3,4,6.9444444334814844e-03,6.9444444444444441e-03,+1.0962959706706243e-11,1.0962959706706243e-11
mini_odd_diagonal_bgk_stream,74,2,16,3,5,6.9444444174814835e-03,6.9444444444444441e-03,+2.6962960510135137e-11,2.6962960510135137e-11
mini_odd_diagonal_bgk_stream,74,2,16,3,6,1.7361111145185191e-03,1.7361111111111114e-03,-3.4074076026013866e-12,3.4074076026013866e-12
mini_odd_diagonal_bgk_stream,74,2,16,3,8,1.7361111077037045e-03,1.7361111111111110e-03,+3.4074065183992142e-12,3.4074065183992142e-12
mini_odd_diagonal_bgk_stream,75,2,15,4,2,6.9444443898518523e-03,6.9444444444444475e-03,+5.4592595201408134e-11,5.4592595201408134e-11
mini_odd_diagonal_bgk_stream,75,2,15,4,3,6.9444443898518506e-03,6.9444444444444458e-03,+5.4592595201408134e-11,5.4592595201408134e-11
mini_odd_diagonal_bgk_stream,75,2,15,4,4,6.9444444990370401e-03,6.9444444444444441e-03,-5.4592596068769872e-11,5.4592596068769872e-11
mini_odd_diagonal_bgk_stream,75,2,15,4,5,6.9444444990370384e-03,6.9444444444444441e-03,-5.4592594334046396e-11,5.4592594334046396e-11
mini_odd_diagonal_bgk_stream,75,2,15,4,6,1.7361110848657412e-03,1.7361111111111112e-03,+2.6245370026573012e-11,2.6245370026573012e-11
mini_odd_diagonal_bgk_stream,75,2,15,4,8,1.7361111373564817e-03,1.7361111111111110e-03,-2.6245370677094315e-11,2.6245370677094315e-11
mini_odd_diagonal_bgk_stream,76,2,16,4,1,2.7777777744592599e-02,2.7777777777777776e-02,+3.3185176828709473e-11,3.3185176828709473e-11
mini_odd_diagonal_bgk_stream,76,2,16,4,2,6.9444444577777768e-03,6.9444444444444458e-03,-1.3333330967091328e-11,1.3333330967091328e-11
mini_odd_diagonal_bgk_stream,76,2,16,4,3,6.9444444312222247e-03,6.9444444444444458e-03,+1.3222221061093276e-11,1.3222221061093276e-11
mini_odd_diagonal_bgk_stream,76,2,16,4,4,6.9444444423703740e-03,6.9444444444444441e-03,+2.0740700823473901e-12,2.0740700823473901e-12
mini_odd_diagonal_bgk_stream,76,2,16,4,5,6.9444444769259268e-03,6.9444444444444441e-03,-3.2481482781232529e-11,3.2481482781232529e-11
mini_odd_diagonal_bgk_stream,76,2,16,4,6,1.7361111020740734e-03,1.7361111111111114e-03,+9.0370380449733556e-12,9.0370380449733556e-12
mini_odd_diagonal_bgk_stream,76,2,16,4,7,1.7361111114814827e-03,1.7361111111111114e-03,-3.7037126837669021e-13,3.7037126837669021e-13
mini_odd_diagonal_bgk_stream,76,2,16,4,8,1.7361111148888895e-03,1.7361111111111110e-03,-3.7777784372972079e-12,3.7777784372972079e-12
mini_odd_diagonal_bgk_stream,76,2,16,4,9,1.7361111285925926e-03,1.7361111111111114e-03,-1.7481481106446095e-11,1.7481481106446095e-11
mini_odd_diagonal_bgk_stream,77,2,17,3,1,2.7777777758814820e-02,2.7777777777777776e-02,+1.8962956205292869e-11,1.8962956205292869e-11
mini_odd_diagonal_bgk_stream,77,2,17,3,2,6.9444444281111109e-03,6.9444444444444441e-03,+1.6333333123508265e-11,1.6333333123508265e-11
mini_odd_diagonal_bgk_stream,77,2,17,3,3,6.9444444586666673e-03,6.9444444444444458e-03,-1.4222221490778342e-11,1.4222221490778342e-11
mini_odd_diagonal_bgk_stream,77,2,17,3,4,6.9444444598888901e-03,6.9444444444444458e-03,-1.5444444334544727e-11,1.5444444334544727e-11
mini_odd_diagonal_bgk_stream,77,2,17,3,5,6.9444444192592620e-03,6.9444444444444441e-03,+2.5185182064846323e-11,2.5185182064846323e-11
mini_odd_diagonal_bgk_stream,77,2,17,3,6,1.7361111169629632e-03,1.7361111111111114e-03,-5.8518517722511154e-12,5.8518517722511154e-12
mini_odd_diagonal_bgk_stream,77,2,17,3,7,1.7361111114814821e-03,1.7361111111111114e-03,-3.7037061785538672e-13,3.7037061785538672e-13
mini_odd_diagonal_bgk_stream,77,2,17,3,8,1.7361111149629637e-03,1.7361111111111114e-03,-3.8518522139235900e-12,3.8518522139235900e-12
mini_odd_diagonal_bgk_stream,77,2,17,3,9,1.7361110890370373e-03,1.7361111111111110e-03,+2.2074073688718721e-11,2.2074073688718721e-11
mini_odd_diagonal_bgk_stream,78,2,18,3,1,2.7777777746888895e-02,2.7777777777777776e-02,+3.0888881730195550e-11,3.0888881730195550e-11
mini_odd_diagonal_bgk_stream,78,2,18,3,2,6.9444444397037041e-03,6.9444444444444441e-03,+4.7407399186849553e-12,4.7407399186849553e-12
mini_odd_diagonal_bgk_stream,78,2,18,3,3,6.9444444450370395e-03,6.9444444444444458e-03,-5.9259368245800914e-13,5.9259368245800914e-13
mini_odd_diagonal_bgk_stream,78,2,18,3,5,6.9444444314074099e-03,6.9444444444444441e-03,+1.3037034125862323e-11,1.3037034125862323e-11
mini_odd_diagonal_bgk_stream,78,2,18,3,6,1.7361111182222222e-03,1.7361111111111114e-03,-7.1111107453891709e-12,7.1111107453891709e-12
mini_odd_diagonal_bgk_stream,78,2,18,3,9,1.7361111041481485e-03,1.7361111111111110e-03,+6.9629625416151031e-12,6.9629625416151031e-12
mini_odd_diagonal_bgk_stream,79,2,17,4,1,2.7777777748592601e-02,2.7777777777777776e-02,+2.9185175109969208e-11,2.9185175109969208e-11
mini_odd_diagonal_bgk_stream,79,2,17,4,2,6.9444443763703716e-03,6.9444444444444441e-03,+6.8074072420709619e-11,6.8074072420709619e-11
mini_odd_diagonal_bgk_stream,79,2,17,4,3,6.9444444503703731e-03,6.9444444444444458e-03,-5.9259272836009735e-12,5.9259272836009735e-12
mini_odd_diagonal_bgk_stream,79,2,17,4,4,6.9444444634074081e-03,6.9444444444444458e-03,-1.8962962276825035e-11,1.8962962276825035e-11
mini_odd_diagonal_bgk_stream,79,2,17,4,5,6.9444444397777786e-03,6.9444444444444441e-03,+4.6666654915372696e-12,4.6666654915372696e-12
mini_odd_diagonal_bgk_stream,79,2,17,4,6,1.7361111049166670e-03,1.7361111111111114e-03,+6.1944444799261200e-12,6.1944444799261200e-12
mini_odd_diagonal_bgk_stream,79,2,17,4,7,1.7361111172083334e-03,1.7361111111111114e-03,-6.0972219027149999e-12,6.0972219027149999e-12
mini_odd_diagonal_bgk_stream,79,2,17,4,8,1.7361111186851856e-03,1.7361111111111114e-03,-7.5740741803387301e-12,7.5740741803387301e-12
mini_odd_diagonal_bgk_stream,79,2,17,4,9,1.7361111021620373e-03,1.7361111111111110e-03,+8.9490736869535237e-12,8.9490736869535237e-12
mini_odd_diagonal_bgk_stream,80,2,18,4,1,2.7777777739851864e-02,2.7777777777777776e-02,+3.7925912410585738e-11,3.7925912410585738e-11
mini_odd_diagonal_bgk_stream,80,2,18,4,2,6.9444444290370395e-03,6.9444444444444441e-03,+1.5407404518885670e-11,1.5407404518885670e-11
mini_odd_diagonal_bgk_stream,80,2,18,4,3,6.9444444456666695e-03,6.9444444444444458e-03,-1.2222237111281231e-12,1.2222237111281231e-12
mini_odd_diagonal_bgk_stream,80,2,18,4,5,6.9444444426296327e-03,6.9444444444444441e-03,+1.8148113220539663e-12,1.8148113220539663e-12
mini_odd_diagonal_bgk_stream,80,2,18,4,6,1.7361111132592594e-03,1.7361111111111114e-03,-2.1481479789420277e-12,2.1481479789420277e-12
mini_odd_diagonal_bgk_stream,80,2,18,4,9,1.7361111046666675e-03,1.7361111111111110e-03,+6.4444435031452141e-12,6.4444435031452141e-12
mini_odd_diagonal_bgk_stream,81,2,15,5,1,2.7777777744592596e-02,2.7777777777777776e-02,+3.3185180298156425e-11,3.3185180298156425e-11
mini_odd_diagonal_bgk_stream,81,2,15,5,2,6.9444444312222247e-03,6.9444444444444475e-03,+1.3222222795816752e-11,1.3222222795816752e-11
mini_odd_diagonal_bgk_stream,81,2,15,5,3,6.9444444577777768e-03,6.9444444444444441e-03,-1.3333332701814804e-11,1.3333332701814804e-11
mini_odd_diagonal_bgk_stream,81,2,15,5,4,6.9444444769259268e-03,6.9444444444444441e-03,-3.2481482781232529e-11,3.2481482781232529e-11
mini_odd_diagonal_bgk_stream,81,2,15,5,5,6.9444444423703740e-03,6.9444444444444441e-03,+2.0740700823473901e-12,2.0740700823473901e-12
mini_odd_diagonal_bgk_stream,81,2,15,5,6,1.7361111020740741e-03,1.7361111111111119e-03,+9.0370378281329211e-12,9.0370378281329211e-12
mini_odd_diagonal_bgk_stream,81,2,15,5,7,1.7361111285925930e-03,1.7361111111111110e-03,-1.7481481973807833e-11,1.7481481973807833e-11
mini_odd_diagonal_bgk_stream,81,2,15,5,8,1.7361111148888895e-03,1.7361111111111110e-03,-3.7777784372972079e-12,3.7777784372972079e-12
mini_odd_diagonal_bgk_stream,81,2,15,5,9,1.7361111114814827e-03,1.7361111111111119e-03,-3.7037083469582122e-13,3.7037083469582122e-13
mini_odd_diagonal_bgk_stream,82,2,16,5,1,2.7777777691037040e-02,2.7777777777777776e-02,+8.6740736121582174e-11,8.6740736121582174e-11
mini_odd_diagonal_bgk_stream,82,2,16,5,2,6.9444444423703696e-03,6.9444444444444458e-03,+2.0740761538795560e-12,2.0740761538795560e-12
mini_odd_diagonal_bgk_stream,82,2,16,5,3,6.9444444423703705e-03,6.9444444444444441e-03,+2.0740735517943421e-12,2.0740735517943421e-12
mini_odd_diagonal_bgk_stream,82,2,16,5,4,6.9444444453333346e-03,6.9444444444444441e-03,-8.8889052368701371e-13,8.8889052368701371e-13
mini_odd_diagonal_bgk_stream,82,2,16,5,5,6.9444444453333346e-03,6.9444444444444441e-03,-8.8889052368701371e-13,8.8889052368701371e-13
mini_odd_diagonal_bgk_stream,82,2,16,5,6,1.7361111222222217e-03,1.7361111111111114e-03,-1.1111110295725091e-11,1.1111110295725091e-11
mini_odd_diagonal_bgk_stream,82,2,16,5,7,1.7361111134814825e-03,1.7361111111111110e-03,-2.3703714772255191e-12,2.3703714772255191e-12
mini_odd_diagonal_bgk_stream,82,2,16,5,8,1.7361111202962966e-03,1.7361111111111110e-03,-9.1851855982261199e-12,9.1851855982261199e-12
mini_odd_diagonal_bgk_stream,82,2,16,5,9,1.7361111134814825e-03,1.7361111111111114e-03,-2.3703710435446501e-12,2.3703710435446501e-12
mini_odd_diagonal_bgk_stream,83,2,15,6,1,2.7777777748592601e-02,2.7777777777777776e-02,+2.9185175109969208e-11,2.9185175109969208e-11
mini_odd_diagonal_bgk_stream,83,2,15,6,2,6.9444444503703731e-03,6.9444444444444475e-03,-5.9259255488774976e-12,5.9259255488774976e-12
mini_odd_diagonal_bgk_stream,83,2,15,6,3,6.9444443763703708e-03,6.9444444444444441e-03,+6.8074073288071357e-11,6.8074073288071357e-11
mini_odd_diagonal_bgk_stream,83,2,15,6,4,6.9444444397777786e-03,6.9444444444444441e-03,+4.6666654915372696e-12,4.6666654915372696e-12
mini_odd_diagonal_bgk_stream,83,2,15,6,5,6.9444444634074107e-03,6.9444444444444441e-03,-1.8962966613633725e-11,1.8962966613633725e-11
mini_odd_diagonal_bgk_stream,83,2,15,6,6,1.7361111049166670e-03,1.7361111111111119e-03,+6.1944449136069890e-12,6.1944449136069890e-12
mini_odd_diagonal_bgk_stream,83,2,15,6,7,1.7361111021620373e-03,1.7361111111111110e-03,+8.9490736869535237e-12,8.9490736869535237e-12
mini_odd_diagonal_bgk_stream,83,2,15,6,8,1.7361111186851856e-03,1.7361111111111110e-03,-7.5740746140195991e-12,7.5740746140195991e-12
mini_odd_diagonal_bgk_stream,83,2,15,6,9,1.7361111172083334e-03,1.7361111111111119e-03,-6.0972214690341309e-12,6.0972214690341309e-12
mini_odd_diagonal_bgk_stream,84,2,16,6,1,2.7777777717333342e-02,2.7777777777777776e-02,+6.0444434180073614e-11,6.0444434180073614e-11
mini_odd_diagonal_bgk_stream,84,2,16,6,2,6.9444444405925955e-03,6.9444444444444458e-03,+3.8518502623596795e-12,3.8518502623596795e-12
mini_odd_diagonal_bgk_stream,84,2,16,6,3,6.9444443663703725e-03,6.9444444444444441e-03,+7.8074071513389853e-11,7.8074071513389853e-11
mini_odd_diagonal_bgk_stream,84,2,16,6,4,6.9444444554074072e-03,6.9444444444444441e-03,-1.0962963176153195e-11,1.0962963176153195e-11
mini_odd_diagonal_bgk_stream,84,2,16,6,5,6.9444444658518529e-03,6.9444444444444441e-03,-2.1407408831719543e-11,2.1407408831719543e-11
mini_odd_diagonal_bgk_stream,84,2,16,6,6,1.7361110934814815e-03,1.7361111111111114e-03,+1.7629629960741466e-11,1.7629629960741466e-11
mini_odd_diagonal_bgk_stream,84,2,16,6,7,1.7361111077777783e-03,1.7361111111111110e-03,+3.3333327417728320e-12,3.3333327417728320e-12
mini_odd_diagonal_bgk_stream,84,2,16,6,8,1.7361111131111114e-03,1.7361111111111110e-03,-2.0000004256892634e-12,2.0000004256892634e-12
mini_odd_diagonal_bgk_stream,84,2,16,6,9,1.7361111167407410e-03,1.7361111111111114e-03,-5.6296295750102310e-12,5.6296295750102310e-12
mini_odd_diagonal_bgk_stream,85,2,17,5,1,2.7777777717333342e-02,2.7777777777777776e-02,+6.0444434180073614e-11,6.0444434180073614e-11
mini_odd_diagonal_bgk_stream,85,2,17,5,2,6.9444443663703725e-03,6.9444444444444441e-03,+7.8074071513389853e-11,7.8074071513389853e-11
mini_odd_diagonal_bgk_stream,85,2,17,5,3,6.9444444405925955e-03,6.9444444444444441e-03,+3.8518485276362036e-12,3.8518485276362036e-12
mini_odd_diagonal_bgk_stream,85,2,17,5,4,6.9444444658518529e-03,6.9444444444444458e-03,-2.1407407096996067e-11,2.1407407096996067e-11
mini_odd_diagonal_bgk_stream,85,2,17,5,5,6.9444444554074098e-03,6.9444444444444441e-03,-1.0962965778238409e-11,1.0962965778238409e-11
mini_odd_diagonal_bgk_stream,85,2,17,5,6,1.7361110934814817e-03,1.7361111111111110e-03,+1.7629629310220163e-11,1.7629629310220163e-11
mini_odd_diagonal_bgk_stream,85,2,17,5,7,1.7361111167407410e-03,1.7361111111111114e-03,-5.6296295750102310e-12,5.6296295750102310e-12
mini_odd_diagonal_bgk_stream,85,2,17,5,8,1.7361111131111114e-03,1.7361111111111114e-03,-1.9999999920083944e-12,1.9999999920083944e-12
mini_odd_diagonal_bgk_stream,85,2,17,5,9,1.7361111077777783e-03,1.7361111111111110e-03,+3.3333327417728320e-12,3.3333327417728320e-12
mini_odd_diagonal_bgk_stream,86,2,18,5,1,2.7777777734962972e-02,2.7777777777777776e-02,+4.2814803785651279e-11,4.2814803785651279e-11
mini_odd_diagonal_bgk_stream,86,2,18,5,2,6.9444444142222244e-03,6.9444444444444441e-03,+3.0222219692122021e-11,3.0222219692122021e-11
mini_odd_diagonal_bgk_stream,86,2,18,5,3,6.9444444385185211e-03,6.9444444444444441e-03,+5.9259229467922836e-12,5.9259229467922836e-12
mini_odd_diagonal_bgk_stream,86,2,18,5,5,6.9444444471111139e-03,6.9444444444444441e-03,-2.6666698363375652e-12,2.6666698363375652e-12
mini_odd_diagonal_bgk_stream,86,2,18,5,6,1.7361111059259261e-03,1.7361111111111110e-03,+5.1851849636880276e-12,5.1851849636880276e-12
mini_odd_diagonal_bgk_stream,86,2,18,5,9,1.7361111074074079e-03,1.7361111111111110e-03,+3.7037031427877842e-12,3.7037031427877842e-12
mini_odd_diagonal_bgk_stream,87,2,17,6,1,2.7777777718962973e-02,2.7777777777777776e-02,+5.8814803721718434e-11,5.8814803721718434e-11
mini_odd_diagonal_bgk_stream,87,2,17,6,2,6.9444444157777795e-03,6.9444444444444441e-03,+2.8666664528276264e-11,2.8666664528276264e-11
mini_odd_diagonal_bgk_stream,87,2,17,6,3,6.9444444157777795e-03,6.9444444444444441e-03,+2.8666664528276264e-11,2.8666664528276264e-11
mini_odd_diagonal_bgk_stream,87,2,17,6,4,6.9444444480000009e-03,6.9444444444444458e-03,-3.5555551558541509e-12,3.5555551558541509e-12
mini_odd_diagonal_bgk_stream,87,2,17,6,5,6.9444444480000009e-03,6.9444444444444441e-03,-3.5555568905776269e-12,3.5555568905776269e-12
mini_odd_diagonal_bgk_stream,87,2,17,6,6,1.7361110830509273e-03,1.7361111111111110e-03,+2.8060183733871757e-11,2.8060183733871757e-11
mini_odd_diagonal_bgk_stream,87,2,17,6,7,1.7361111142407408e-03,1.7361111111111114e-03,-3.1296293681593035e-12,3.1296293681593035e-12
mini_odd_diagonal_bgk_stream,87,2,17,6,8,1.7361111111342598e-03,1.7361111111111114e-03,-2.3148366903869011e-14,2.3148366903869011e-14
mini_odd_diagonal_bgk_stream,87,2,17,6,9,1.7361111142407408e-03,1.7361111111111110e-03,-3.1296298018401725e-12,3.1296298018401725e-12
mini_odd_diagonal_bgk_stream,88,2,18,6,1,2.7777777770666676e-02,2.7777777777777776e-02,+7.1110999033674460e-12,7.1110999033674460e-12
mini_odd_diagonal_bgk_stream,88,2,18,6,2,6.9444444127407436e-03,6.9444444444444441e-03,+3.1703700428820092e-11,3.1703700428820092e-11
mini_odd_diagonal_bgk_stream,88,2,18,6,3,6.9444444248518544e-03,6.9444444444444441e-03,+1.9592589703409935e-11,1.9592589703409935e-11
mini_odd_diagonal_bgk_stream,88,2,18,6,5,6.9444444444814839e-03,6.9444444444444441e-03,-3.7039815659056785e-14,3.7039815659056785e-14
mini_odd_diagonal_bgk_stream,88,2,18,6,6,1.7361111002222227e-03,1.7361111111111110e-03,+1.0888888315324641e-11,1.0888888315324641e-11
mini_odd_diagonal_bgk_stream,88,2,18,6,9,1.7361111108888895e-03,1.7361111111111110e-03,+2.2222154671958094e-13,2.2222154671958094e-13
mini_odd_diagonal_bgk_stream,89,2,15,7,1,2.7777777739851864e-02,2.7777777777777776e-02,+3.7925912410585738e-11,3.7925912410585738e-11
mini_odd_diagonal_bgk_stream,89,2,15,7,2,6.9444444456666695e-03,6.9444444444444475e-03,-1.2222219764046471e-12,1.2222219764046471e-12
mini_odd_diagonal_bgk_stream,89,2,15,7,3,6.9444444290370395e-03,6.9444444444444441e-03,+1.5407404518885670e-11,1.5407404518885670e-11
mini_odd_diagonal_bgk_stream,89,2,15,7,4,6.9444444426296327e-03,6.9444444444444441e-03,+1.8148113220539663e-12,1.8148113220539663e-12
mini_odd_diagonal_bgk_stream,89,2,15,7,6,1.7361111132592594e-03,1.7361111111111119e-03,-2.1481475452611587e-12,2.1481475452611587e-12
mini_odd_diagonal_bgk_stream,89,2,15,7,7,1.7361111046666671e-03,1.7361111111111110e-03,+6.4444439368260831e-12,6.4444439368260831e-12
mini_odd_diagonal_bgk_stream,90,2,16,7,1,2.7777777734962972e-02,2.7777777777777776e-02,+4.2814803785651279e-11,4.2814803785651279e-11
mini_odd_diagonal_bgk_stream,90,2,16,7,2,6.9444444385185211e-03,6.9444444444444458e-03,+5.9259246815157596e-12,5.9259246815157596e-12
mini_odd_diagonal_bgk_stream,90,2,16,7,3,6.9444444142222235e-03,6.9444444444444441e-03,+3.0222220559483759e-11,3.0222220559483759e-11
mini_odd_diagonal_bgk_stream,90,2,16,7,4,6.9444444471111139e-03,6.9444444444444441e-03,-2.6666698363375652e-12,2.6666698363375652e-12
mini_odd_diagonal_bgk_stream,90,2,16,7,6,1.7361111059259261e-03,1.7361111111111114e-03,+5.1851853973688966e-12,5.1851853973688966e-12
mini_odd_diagonal_bgk_stream,90,2,16,7,7,1.7361111074074079e-03,1.7361111111111110e-03,+3.7037031427877842e-12,3.7037031427877842e-12
mini_odd_diagonal_bgk_stream,91,2,15,8,3,6.9444444180740772e-03,6.9444444444444441e-03,+2.6370366827677127e-11,2.6370366827677127e-11
mini_odd_diagonal_bgk_stream,91,2,15,8,6,1.7361111056250008e-03,1.7361111111111119e-03,+5.4861111313531108e-12,5.4861111313531108e-12
mini_odd_diagonal_bgk_stream,91,2,15,8,7,1.7361111026574082e-03,1.7361111111111110e-03,+8.4537027985470692e-12,8.4537027985470692e-12
mini_odd_diagonal_bgk_stream,92,2,16,8,3,6.9444444131851885e-03,6.9444444444444441e-03,+3.1259255600657454e-11,3.1259255600657454e-11
mini_odd_diagonal_bgk_stream,92,2,16,8,6,1.7361111029629639e-03,1.7361111111111114e-03,+8.1481475212863419e-12,8.1481475212863419e-12
mini_odd_diagonal_bgk_stream,92,2,16,8,7,1.7361111104444451e-03,1.7361111111111110e-03,+6.6666594120134981e-13,6.6666594120134981e-13
mini_odd_diagonal_bgk_stream,93,2,17,7,1,2.7777777770666676e-02,2.7777777777777776e-02,+7.1110999033674460e-12,7.1110999033674460e-12
mini_odd_diagonal_bgk_stream,93,2,17,7,2,6.9444444248518544e-03,6.9444444444444441e-03,+1.9592589703409935e-11,1.9592589703409935e-11
mini_odd_diagonal_bgk_stream,93,2,17,7,3,6.9444444127407436e-03,6.9444444444444441e-03,+3.1703700428820092e-11,3.1703700428820092e-11
mini_odd_diagonal_bgk_stream,93,2,17,7,4,6.9444444444814839e-03,6.9444444444444458e-03,-3.7038080935580808e-14,3.7038080935580808e-14
mini_odd_diagonal_bgk_stream,93,2,17,7,6,1.7361111002222227e-03,1.7361111501736110e-03,+4.9951388294763865e-11,4.9951388294763865e-11
mini_odd_diagonal_bgk_stream,93,2,17,7,7,1.7361111108888895e-03,1.7361111111111114e-03,+2.2222198040044994e-13,2.2222198040044994e-13
mini_odd_diagonal_bgk_stream,94,2,18,7,1,2.7777777777703714e-02,2.7777777777777776e-02,+7.4062284083353802e-14,7.4062284083353802e-14
mini_odd_diagonal_bgk_stream,94,2,18,7,2,6.9444444382222251e-03,6.9444444444444441e-03,+6.2222189206595502e-12,6.2222189206595502e-12
mini_odd_diagonal_bgk_stream,94,2,18,7,3,6.9444444382222251e-03,6.9444444444444441e-03,+6.2222189206595502e-12,6.2222189206595502e-12
mini_odd_diagonal_bgk_stream,94,2,18,7,6,1.7361110985185193e-03,1.7361110720486110e-03,-2.6469908296494760e-11,2.6469908296494760e-11
mini_odd_diagonal_bgk_stream,95,2,17,8,3,6.9444444377777803e-03,6.9444444444444441e-03,+6.6666637488221880e-12,6.6666637488221880e-12
mini_odd_diagonal_bgk_stream,95,2,17,8,6,1.7361111026574082e-03,1.7361111501736110e-03,+4.7516202777986294e-11,4.7516202777986294e-11
mini_odd_diagonal_bgk_stream,95,2,17,8,7,1.7361111111064821e-03,1.7361111111111114e-03,+4.6293264360786068e-15,4.6293264360786068e-15
mini_odd_diagonal_bgk_stream,96,2,18,8,3,6.9444444443703731e-03,6.9444444444444441e-03,+7.4070957700733686e-14,7.4070957700733686e-14
mini_odd_diagonal_bgk_stream,96,2,18,8,6,1.7361111104444453e-03,1.7361110720486110e-03,-3.8395834255078309e-11,3.8395834255078309e-11
mini_odd_diagonal_delta,3,0,3,1,1,8.7925944303179904e-11,0.0000000000000000e+00,-8.7925944303179904e-11,8.7925944303179904e-11
mini_odd_diagonal_delta,3,0,3,1,3,-8.1482043334801801e-13,0.0000000000000000e+00,+8.1482043334801801e-13,8.1482043334801801e-13
mini_odd_diagonal_delta,3,0,3,1,4,1.4792592151202655e-10,0.0000000000000000e+00,-1.4792592151202655e-10,1.4792592151202655e-10
mini_odd_diagonal_delta,3,0,3,1,5,3.0518518268074502e-11,0.0000000000000000e+00,-3.0518518268074502e-11,3.0518518268074502e-11
mini_odd_diagonal_delta,3,0,3,1,6,4.6282422339061213e-15,2.0900000827217546e-10,+2.0899538002994156e-10,2.0899538002994156e-10
mini_odd_diagonal_delta,3,0,3,1,7,1.9499998837879673e-11,0.0000000000000000e+00,-1.9499998837879673e-11,1.9499998837879673e-11
mini_odd_diagonal_delta,3,0,3,1,8,4.9273144592243412e-11,0.0000000000000000e+00,-4.9273144592243412e-11,4.9273144592243412e-11
mini_odd_diagonal_delta,11,0,3,2,1,3.2074065625664616e-11,0.0000000000000000e+00,-3.2074065625664616e-11,3.2074065625664616e-11
mini_odd_diagonal_delta,11,0,3,2,3,3.0888888669089454e-11,0.0000000000000000e+00,-3.0888888669089454e-11,3.0888888669089454e-11
mini_odd_diagonal_delta,11,0,3,2,4,2.1407403627549115e-11,0.0000000000000000e+00,-2.1407403627549115e-11,2.1407403627549115e-11
mini_odd_diagonal_delta,11,0,3,2,5,-5.9259541718148512e-13,0.0000000000000000e+00,+5.9259541718148512e-13,5.9259541718148512e-13
mini_odd_diagonal_delta,11,0,3,2,7,2.3337963506175896e-11,0.0000000000000000e+00,-2.3337963506175896e-11,2.3337963506175896e-11
mini_odd_diagonal_delta,11,0,3,2,8,-7.1111103117083019e-12,0.0000000000000000e+00,+7.1111103117083019e-12,7.1111103117083019e-12
mini_odd_diagonal_delta,33,1,7,1,1,1.6918519363251505e-10,0.0000000000000000e+00,-1.6918519363251505e-10,1.6918519363251505e-10
mini_odd_diagonal_delta,33,1,7,1,2,-1.7222223647195278e-11,0.0000000000000000e+00,+1.7222223647195278e-11,1.7222223647195278e-11
mini_odd_diagonal_delta,33,1,7,1,3,1.2962964035523328e-11,0.0000000000000000e+00,-1.2962964035523328e-11,1.2962964035523328e-11
mini_odd_diagonal_delta,33,1,7,1,4,5.8037036981817280e-11,0.0000000000000000e+00,-5.8037036981817280e-11,5.8037036981817280e-11
mini_odd_diagonal_delta,33,1,7,1,5,1.6866667090775778e-10,0.0000000000000000e+00,-1.6866667090775778e-10,1.6866667090775778e-10
mini_odd_diagonal_delta,33,1,7,1,6,7.0972221155596316e-12,0.0000000000000000e+00,-7.0972221155596316e-12,7.0972221155596316e-12
mini_odd_diagonal_delta,33,1,7,1,7,3.6111218182366400e-13,0.0000000000000000e+00,-3.6111218182366400e-13,3.6111218182366400e-13
mini_odd_diagonal_delta,33,1,7,1,8,6.1763887407306761e-11,0.0000000000000000e+00,-6.1763887407306761e-11,6.1763887407306761e-11
mini_odd_diagonal_delta,33,1,7,1,9,4.1296306652061077e-12,0.0000000000000000e+00,-4.1296306652061077e-12,4.1296306652061077e-12
mini_odd_diagonal_delta,35,1,7,2,1,2.0955555346535704e-10,0.0000000000000000e+00,-2.0955555346535704e-10,2.0955555346535704e-10
mini_odd_diagonal_delta,35,1,7,2,2,-3.9185179406819870e-11,0.0000000000000000e+00,+3.9185179406819870e-11,3.9185179406819870e-11
mini_odd_diagonal_delta,35,1,7,2,3,-3.9666662315918089e-11,0.0000000000000000e+00,+3.9666662315918089e-11,3.9666662315918089e-11
mini_odd_diagonal_delta,35,1,7,2,4,1.3488888478407901e-10,0.0000000000000000e+00,-1.3488888478407901e-10,1.3488888478407901e-10
mini_odd_diagonal_delta,35,1,7,2,5,1.3222221928455014e-11,0.0000000000000000e+00,-1.3222221928455014e-11,1.3222221928455014e-11
mini_odd_diagonal_delta,35,1,7,2,6,-2.2537037340508714e-11,0.0000000000000000e+00,+2.2537037340508714e-11,2.2537037340508714e-11
mini_odd_diagonal_delta,35,1,7,2,7,-7.5694442033813480e-12,0.0000000000000000e+00,+7.5694442033813480e-12,7.5694442033813480e-12
mini_odd_diagonal_delta,35,1,7,2,8,2.1750000238351941e-11,0.0000000000000000e+00,-2.1750000238351941e-11,2.1750000238351941e-11
mini_odd_diagonal_delta,35,1,7,2,9,-1.4467592054923095e-11,0.0000000000000000e+00,+1.4467592054923095e-11,1.4467592054923095e-11
mini_odd_diagonal_delta,38,1,10,1,2,-1.1851838954690663e-12,0.0000000000000000e+00,+1.1851838954690663e-12,1.1851838954690663e-12
mini_odd_diagonal_delta,38,1,10,1,9,-5.5601842574581894e-12,0.0000000000000000e+00,+5.5601842574581894e-12,5.5601842574581894e-12
mini_odd_diagonal_delta,40,1,10,2,2,-5.0148142582973065e-11,0.0000000000000000e+00,+5.0148142582973065e-11,5.0148142582973065e-11
mini_odd_diagonal_delta,40,1,10,2,6,-5.5601842574581894e-12,0.0000000000000000e+00,+5.5601842574581894e-12,5.5601842574581894e-12
mini_odd_diagonal_delta,40,1,10,2,9,-1.6601850102992977e-11,0.0000000000000000e+00,+1.6601850102992977e-11,1.6601850102992977e-11
mini_odd_diagonal_delta,41,1,7,3,2,9.1481509867374911e-12,0.0000000000000000e+00,-9.1481509867374911e-12,9.1481509867374911e-12
mini_odd_diagonal_delta,41,1,7,3,3,4.9888884690041380e-11,0.0000000000000000e+00,-4.9888884690041380e-11,4.9888884690041380e-11
mini_odd_diagonal_delta,41,1,7,3,4,-4.9888891628935284e-11,0.0000000000000000e+00,+4.9888891628935284e-11,4.9888891628935284e-11
mini_odd_diagonal_delta,41,1,7,3,5,-9.1481475172905391e-12,0.0000000000000000e+00,+9.1481475172905391e-12,9.1481475172905391e-12
mini_odd_diagonal_delta,41,1,7,3,6,3.7824075468928520e-12,0.0000000000000000e+00,-3.7824075468928520e-12,3.7824075468928520e-12
mini_odd_diagonal_delta,41,1,7,3,7,-1.7347234759768071e-18,0.0000000000000000e+00,+1.7347234759768071e-18,1.7347234759768071e-18
mini_odd_diagonal_delta,41,1,7,3,8,-3.7824058121693760e-12,0.0000000000000000e+00,+3.7824058121693760e-12,3.7824058121693760e-12
mini_odd_diagonal_delta,43,1,7,4,1,-3.2074065625664616e-11,0.0000000000000000e+00,+3.2074065625664616e-11,3.2074065625664616e-11
mini_odd_diagonal_delta,43,1,7,4,2,5.9259541718148512e-13,0.0000000000000000e+00,-5.9259541718148512e-13,5.9259541718148512e-13
mini_odd_diagonal_delta,43,1,7,4,3,-2.2592587523018182e-11,0.0000000000000000e+00,+2.2592587523018182e-11,2.2592587523018182e-11
mini_odd_diagonal_delta,43,1,7,4,4,-2.9703697834726484e-11,0.0000000000000000e+00,+2.9703697834726484e-11,2.9703697834726484e-11
mini_odd_diagonal_delta,43,1,7,4,6,7.1111111790700399e-12,0.0000000000000000e+00,-7.1111111790700399e-12,7.1111111790700399e-12
mini_odd_diagonal_delta,43,1,7,4,7,-2.3337962638814158e-11,0.0000000000000000e+00,+2.3337962638814158e-11,2.3337962638814158e-11
mini_odd_diagonal_delta,46,1,10,3,2,-3.7925919349479642e-11,0.0000000000000000e+00,+3.7925919349479642e-11,3.7925919349479642e-11
mini_odd_diagonal_delta,46,1,10,3,6,-1.6601850102992977e-11,0.0000000000000000e+00,+1.6601850102992977e-11,1.6601850102992977e-11
mini_odd_diagonal_delta,46,1,10,3,9,-6.7129635183960090e-13,0.0000000000000000e+00,+6.7129635183960090e-13,6.7129635183960090e-13
mini_odd_diagonal_delta,48,1,10,4,2,-7.4072692424209663e-14,0.0000000000000000e+00,+7.4072692424209663e-14,7.4072692424209663e-14
mini_odd_diagonal_delta,48,1,10,4,6,-6.7129635183960090e-13,-6.2499999967102760e-10,-6.2432870331918799e-10,6.2432870331918799e-10
mini_odd_diagonal_delta,65,2,15,1,1,3.7925929757820498e-11,0.0000000000000000e+00,-3.7925929757820498e-11,3.7925929757820498e-11
mini_odd_diagonal_delta,65,2,15,1,2,1.8148156588626563e-12,0.0000000000000000e+00,-1.8148156588626563e-12,1.8148156588626563e-12
mini_odd_diagonal_delta,65,2,15,1,3,2.6370371164485817e-11,4.1600000354191646e-10,+3.8962963237743065e-10,3.8962963237743065e-10
mini_odd_diagonal_delta,65,2,15,1,4,-1.2222211090429091e-12,0.0000000000000000e+00,+1.2222211090429091e-12,1.2222211090429091e-12
mini_odd_diagonal_delta,65,2,15,1,5,1.5407405386247408e-11,0.0000000000000000e+00,-1.5407405386247408e-11,1.5407405386247408e-11
mini_odd_diagonal_delta,65,2,15,1,6,8.1481483886480799e-12,0.0000000000000000e+00,-8.1481483886480799e-12,8.1481483886480799e-12
mini_odd_diagonal_delta,65,2,15,1,7,8.1481483886480799e-12,0.0000000000000000e+00,-8.1481483886480799e-12,8.1481483886480799e-12
mini_odd_diagonal_delta,65,2,15,1,8,-2.1481479789420277e-12,0.0000000000000000e+00,+2.1481479789420277e-12,2.1481479789420277e-12
mini_odd_diagonal_delta,65,2,15,1,9,6.4444443705069521e-12,0.0000000000000000e+00,-6.4444443705069521e-12,6.4444443705069521e-12
mini_odd_diagonal_delta,66,2,16,1,1,3.0888892138536406e-11,0.0000000000000000e+00,-3.0888892138536406e-11,3.0888892138536406e-11
mini_odd_diagonal_delta,66,2,16,1,2,1.3037038462671013e-11,0.0000000000000000e+00,-1.3037038462671013e-11,1.3037038462671013e-11
mini_odd_diagonal_delta,66,2,16,1,3,2.3777778357381152e-11,0.0000000000000000e+00,-2.3777778357381152e-11,2.3777778357381152e-11
mini_odd_diagonal_delta,66,2,16,1,4,-5.9259281509627115e-13,0.0000000000000000e+00,+5.9259281509627115e-13,5.9259281509627115e-13
mini_odd_diagonal_delta,66,2,16,1,5,4.7407407860466932e-12,0.0000000000000000e+00,-4.7407407860466932e-12,4.7407407860466932e-12
mini_odd_diagonal_delta,66,2,16,1,6,5.4861115650339798e-12,0.0000000000000000e+00,-5.4861115650339798e-12,5.4861115650339798e-12
mini_odd_diagonal_delta,66,2,16,1,7,5.4861113481935453e-12,0.0000000000000000e+00,-5.4861113481935453e-12,5.4861113481935453e-12
mini_odd_diagonal_delta,66,2,16,1,8,-7.1111109622296054e-12,0.0000000000000000e+00,+7.1111109622296054e-12,7.1111109622296054e-12
mini_odd_diagonal_delta,66,2,16,1,9,6.9629621079342341e-12,0.0000000000000000e+00,-6.9629621079342341e-12,6.9629621079342341e-12
mini_odd_diagonal_delta,67,2,15,2,1,2.9185182048863112e-11,0.0000000000000000e+00,-2.9185182048863112e-11,2.9185182048863112e-11
mini_odd_diagonal_delta,67,2,15,2,2,4.6666663588990076e-12,0.0000000000000000e+00,-4.6666663588990076e-12,4.6666663588990076e-12
mini_odd_diagonal_delta,67,2,15,2,3,-1.8962962276825035e-11,0.0000000000000000e+00,+1.8962962276825035e-11,1.8962962276825035e-11
mini_odd_diagonal_delta,67,2,15,2,4,-5.9259246815157596e-12,0.0000000000000000e+00,+5.9259246815157596e-12,5.9259246815157596e-12
mini_odd_diagonal_delta,67,2,15,2,5,6.8074072420709619e-11,0.0000000000000000e+00,-6.8074072420709619e-11,6.8074072420709619e-11
mini_odd_diagonal_delta,67,2,15,2,6,-7.5740741803387301e-12,0.0000000000000000e+00,+7.5740741803387301e-12,7.5740741803387301e-12
mini_odd_diagonal_delta,67,2,15,2,7,-6.0972221195554344e-12,0.0000000000000000e+00,+6.0972221195554344e-12,6.0972221195554344e-12
mini_odd_diagonal_delta,67,2,15,2,8,6.1944446967665545e-12,0.0000000000000000e+00,-6.1944446967665545e-12,6.1944446967665545e-12
mini_odd_diagonal_delta,67,2,15,2,9,8.9490741206343927e-12,0.0000000000000000e+00,-8.9490741206343927e-12,8.9490741206343927e-12
mini_odd_diagonal_delta,68,2,16,2,1,1.8962963144186773e-11,0.0000000000000000e+00,-1.8962963144186773e-11,1.8962963144186773e-11
mini_odd_diagonal_delta,68,2,16,2,2,2.5185184666931537e-11,0.0000000000000000e+00,-2.5185184666931537e-11,2.5185184666931537e-11
mini_odd_diagonal_delta,68,2,16,2,3,-1.5444443467182989e-11,0.0000000000000000e+00,+1.5444443467182989e-11,1.5444443467182989e-11
mini_odd_diagonal_delta,68,2,16,2,4,-1.4222222358140080e-11,0.0000000000000000e+00,+1.4222222358140080e-11,1.4222222358140080e-11
mini_odd_diagonal_delta,68,2,16,2,5,1.6333330521423051e-11,0.0000000000000000e+00,-1.6333330521423051e-11,1.6333330521423051e-11
mini_odd_diagonal_delta,68,2,16,2,6,-3.8518515634022865e-12,0.0000000000000000e+00,+3.8518515634022865e-12,3.8518515634022865e-12
mini_odd_diagonal_delta,68,2,16,2,7,-3.7037040101495222e-13,0.0000000000000000e+00,+3.7037040101495222e-13,3.7037040101495222e-13
mini_odd_diagonal_delta,68,2,16,2,8,-5.8518515554106809e-12,0.0000000000000000e+00,+5.8518515554106809e-12,5.8518515554106809e-12
mini_odd_diagonal_delta,68,2,16,2,9,2.2074073038197417e-11,0.0000000000000000e+00,-2.2074073038197417e-11,2.2074073038197417e-11
mini_odd_diagonal_delta,69,2,17,1,1,1.1851838954690663e-12,0.0000000000000000e+00,-1.1851838954690663e-12,1.1851838954690663e-12
mini_odd_diagonal_delta,69,2,17,1,2,1.6666668045672850e-11,0.0000000000000000e+00,-1.6666668045672850e-11,1.6666668045672850e-11
mini_odd_diagonal_delta,69,2,17,1,3,1.1851856301925423e-12,0.0000000000000000e+00,-1.1851856301925423e-12,1.1851856301925423e-12
mini_odd_diagonal_delta,69,2,17,1,5,-7.1111103117083019e-12,0.0000000000000000e+00,+7.1111103117083019e-12,7.1111103117083019e-12
mini_odd_diagonal_delta,69,2,17,1,6,7.4073993466816646e-14,0.0000000000000000e+00,-7.4073993466816646e-14,7.4073993466816646e-14
mini_odd_diagonal_delta,69,2,17,1,7,7.4073993466816646e-14,0.0000000000000000e+00,-7.4073993466816646e-14,7.4073993466816646e-14
mini_odd_diagonal_delta,69,2,17,1,8,-7.4073776626382148e-14,0.0000000000000000e+00,+7.4073776626382148e-14,7.4073776626382148e-14
mini_odd_diagonal_delta,69,2,17,1,9,2.7407407940382988e-12,0.0000000000000000e+00,-2.7407407940382988e-12,2.7407407940382988e-12
mini_odd_diagonal_delta,70,2,18,1,2,1.1851856301925423e-12,0.0000000000000000e+00,-1.1851856301925423e-12,1.1851856301925423e-12
mini_odd_diagonal_delta,70,2,18,1,5,-1.1851838954690663e-12,0.0000000000000000e+00,+1.1851838954690663e-12,1.1851838954690663e-12
mini_odd_diagonal_delta,70,2,18,1,7,0.0000000000000000e+00,-2.6020852139652106e-18,-2.6020852139652106e-18,2.6020852139652106e-18
mini_odd_diagonal_delta,70,2,18,1,9,6.5052130349130266e-19,0.0000000000000000e+00,-6.5052130349130266e-19,6.5052130349130266e-19
mini_odd_diagonal_delta,71,2,17,2,2,1.4074073503844708e-11,0.0000000000000000e+00,-1.4074073503844708e-11,1.4074073503844708e-11
mini_odd_diagonal_delta,71,2,17,2,3,-5.9259281509627115e-13,0.0000000000000000e+00,+5.9259281509627115e-13,5.9259281509627115e-13
mini_odd_diagonal_delta,71,2,17,2,4,5.9259368245800914e-13,0.0000000000000000e+00,-5.9259368245800914e-13,5.9259368245800914e-13
mini_odd_diagonal_delta,71,2,17,2,5,-1.4074074371206446e-11,0.0000000000000000e+00,+1.4074074371206446e-11,1.4074074371206446e-11
mini_odd_diagonal_delta,71,2,17,2,6,-1.6249998308764946e-12,0.0000000000000000e+00,+1.6249998308764946e-12,1.6249998308764946e-12
mini_odd_diagonal_delta,71,2,17,2,8,1.6249998308764946e-12,0.0000000000000000e+00,-1.6249998308764946e-12,1.6249998308764946e-12
mini_odd_diagonal_delta,71,2,17,2,9,-8.6736173798840355e-19,0.0000000000000000e+00,+8.6736173798840355e-19,8.6736173798840355e-19
mini_odd_diagonal_delta,72,2,18,2,1,-1.1851804260221144e-12,0.0000000000000000e+00,+1.1851804260221144e-12,1.1851804260221144e-12
mini_odd_diagonal_delta,72,2,18,2,2,7.1111120464317779e-12,0.0000000000000000e+00,-7.1111120464317779e-12,7.1111120464317779e-12
mini_odd_diagonal_delta,72,2,18,2,5,-1.6666666310949374e-11,0.0000000000000000e+00,+1.6666666310949374e-11,1.6666666310949374e-11
mini_odd_diagonal_delta,72,2,18,2,6,7.4073993466816646e-14,0.0000000000000000e+00,-7.4073993466816646e-14,7.4073993466816646e-14
mini_odd_diagonal_delta,72,2,18,2,9,-2.7407407940382988e-12,0.0000000000000000e+00,+2.7407407940382988e-12,2.7407407940382988e-12
mini_odd_diagonal_delta,73,2,15,3,1,3.3185173359262521e-11,0.0000000000000000e+00,-3.3185173359262521e-11,3.3185173359262521e-11
mini_odd_diagonal_delta,73,2,15,3,2,-3.2481481046509053e-11,0.0000000000000000e+00,+3.2481481046509053e-11,3.2481481046509053e-11
mini_odd_diagonal_delta,73,2,15,3,3,2.0740744191560800e-12,0.0000000000000000e+00,-2.0740744191560800e-12,2.0740744191560800e-12
mini_odd_diagonal_delta,73,2,15,3,4,1.3222225397901965e-11,0.0000000000000000e+00,-1.3222225397901965e-11,1.3222225397901965e-11
mini_odd_diagonal_delta,73,2,15,3,5,-1.3333335303900018e-11,0.0000000000000000e+00,+1.3333335303900018e-11,1.3333335303900018e-11
mini_odd_diagonal_delta,73,2,15,3,6,-3.7777777867759044e-12,0.0000000000000000e+00,+3.7777777867759044e-12,3.7777777867759044e-12
mini_odd_diagonal_delta,73,2,15,3,7,-3.7036996733408323e-13,0.0000000000000000e+00,+3.7036996733408323e-13,3.7036996733408323e-13
mini_odd_diagonal_delta,73,2,15,3,8,9.0370373944520521e-12,0.0000000000000000e+00,-9.0370373944520521e-12,9.0370373944520521e-12
mini_odd_diagonal_delta,73,2,15,3,9,-1.7481481323286530e-11,0.0000000000000000e+00,+1.7481481323286530e-11,1.7481481323286530e-11
mini_odd_diagonal_delta,74,2,16,3,2,2.6962958775411661e-11,0.0000000000000000e+00,-2.6962958775411661e-11,2.6962958775411661e-11
mini_odd_diagonal_delta,74,2,16,3,3,1.0962964043514933e-11,0.0000000000000000e+00,-1.0962964043514933e-11,1.0962964043514933e-11
mini_odd_diagonal_delta,74,2,16,3,4,-1.0962961441429719e-11,0.0000000000000000e+00,+1.0962961441429719e-11,1.0962961441429719e-11
mini_odd_diagonal_delta,74,2,16,3,5,-2.6962962244858613e-11,0.0000000000000000e+00,+2.6962962244858613e-11,2.6962962244858613e-11
mini_odd_diagonal_delta,74,2,16,3,6,3.4074076026013866e-12,0.0000000000000000e+00,-3.4074076026013866e-12,3.4074076026013866e-12
mini_odd_diagonal_delta,74,2,16,3,7,-2.1684043449710089e-19,0.0000000000000000e+00,+2.1684043449710089e-19,2.1684043449710089e-19
mini_odd_diagonal_delta,74,2,16,3,8,-3.4074069520800832e-12,0.0000000000000000e+00,+3.4074069520800832e-12,3.4074069520800832e-12
mini_odd_diagonal_delta,74,2,16,3,9,-6.5052130349130266e-19,0.0000000000000000e+00,+6.5052130349130266e-19,6.5052130349130266e-19
mini_odd_diagonal_delta,75,2,15,4,1,-3.4694469519536142e-18,0.0000000000000000e+00,+3.4694469519536142e-18,3.4694469519536142e-18
mini_odd_diagonal_delta,75,2,15,4,2,-5.4592593466684658e-11,0.0000000000000000e+00,+5.4592593466684658e-11,5.4592593466684658e-11
mini_odd_diagonal_delta,75,2,15,4,3,-5.4592595201408134e-11,0.0000000000000000e+00,+5.4592595201408134e-11,5.4592595201408134e-11
mini_odd_diagonal_delta,75,2,15,4,4,5.4592594334046396e-11,0.0000000000000000e+00,-5.4592594334046396e-11,5.4592594334046396e-11
mini_odd_diagonal_delta,75,2,15,4,5,5.4592592599322920e-11,0.0000000000000000e+00,-5.4592592599322920e-11,5.4592592599322920e-11
mini_odd_diagonal_delta,75,2,15,4,6,-2.6245370243413446e-11,0.0000000000000000e+00,+2.6245370243413446e-11,2.6245370243413446e-11
mini_odd_diagonal_delta,75,2,15,4,7,1.0842021724855044e-18,0.0000000000000000e+00,-1.0842021724855044e-18,1.0842021724855044e-18
mini_odd_diagonal_delta,75,2,15,4,8,2.6245370243413446e-11,0.0000000000000000e+00,-2.6245370243413446e-11,2.6245370243413446e-11
mini_odd_diagonal_delta,75,2,15,4,9,1.0842021724855044e-18,0.0000000000000000e+00,-1.0842021724855044e-18,1.0842021724855044e-18
mini_odd_diagonal_delta,76,2,16,4,1,-3.3185183767603377e-11,0.0000000000000000e+00,+3.3185183767603377e-11,3.3185183767603377e-11
mini_odd_diagonal_delta,76,2,16,4,2,1.3333330967091328e-11,0.0000000000000000e+00,-1.3333330967091328e-11,1.3333330967091328e-11
mini_odd_diagonal_delta,76,2,16,4,3,-1.3222221061093276e-11,0.0000000000000000e+00,+1.3222221061093276e-11,1.3222221061093276e-11
mini_odd_diagonal_delta,76,2,16,4,4,-2.0740718170708661e-12,0.0000000000000000e+00,+2.0740718170708661e-12,2.0740718170708661e-12
mini_odd_diagonal_delta,76,2,16,4,5,3.2481481046509053e-11,0.0000000000000000e+00,-3.2481481046509053e-11,3.2481481046509053e-11
mini_odd_diagonal_delta,76,2,16,4,6,-9.0370380449733556e-12,0.0000000000000000e+00,+9.0370380449733556e-12,9.0370380449733556e-12
mini_odd_diagonal_delta,76,2,16,4,7,3.7037126837669021e-13,0.0000000000000000e+00,-3.7037126837669021e-13,3.7037126837669021e-13
mini_odd_diagonal_delta,76,2,16,4,8,3.7777780036163389e-12,0.0000000000000000e+00,-3.7777780036163389e-12,3.7777780036163389e-12
mini_odd_diagonal_delta,76,2,16,4,9,1.7481481106446095e-11,0.0000000000000000e+00,-1.7481481106446095e-11,1.7481481106446095e-11
mini_odd_diagonal_delta,77,2,17,3,1,-1.8962963144186773e-11,0.0000000000000000e+00,+1.8962963144186773e-11,1.8962963144186773e-11
mini_odd_diagonal_delta,77,2,17,3,2,-1.6333334858231741e-11,0.0000000000000000e+00,+1.6333334858231741e-11,1.6333334858231741e-11
mini_odd_diagonal_delta,77,2,17,3,3,1.4222221490778342e-11,0.0000000000000000e+00,-1.4222221490778342e-11,1.4222221490778342e-11
mini_odd_diagonal_delta,77,2,17,3,4,1.5444444334544727e-11,0.0000000000000000e+00,-1.5444444334544727e-11,1.5444444334544727e-11
mini_odd_diagonal_delta,77,2,17,3,5,-2.5185183799569799e-11,0.0000000000000000e+00,+2.5185183799569799e-11,2.5185183799569799e-11
mini_odd_diagonal_delta,77,2,17,3,6,5.8518517722511154e-12,0.0000000000000000e+00,-5.8518517722511154e-12,5.8518517722511154e-12
mini_odd_diagonal_delta,77,2,17,3,7,3.7037061785538672e-13,0.0000000000000000e+00,-3.7037061785538672e-13,3.7037061785538672e-13
mini_odd_diagonal_delta,77,2,17,3,8,3.8518522139235900e-12,0.0000000000000000e+00,-3.8518522139235900e-12,3.8518522139235900e-12
mini_odd_diagonal_delta,77,2,17,3,9,-2.2074074122399590e-11,0.0000000000000000e+00,+2.2074074122399590e-11,2.2074074122399590e-11
mini_odd_diagonal_delta,78,2,18,3,1,-3.0888888669089454e-11,0.0000000000000000e+00,+3.0888888669089454e-11,3.0888888669089454e-11
mini_odd_diagonal_delta,78,2,18,3,2,-4.7407416534084312e-12,0.0000000000000000e+00,+4.7407416534084312e-12,4.7407416534084312e-12
mini_odd_diagonal_delta,78,2,18,3,3,5.9259368245800914e-13,0.0000000000000000e+00,-5.9259368245800914e-13,5.9259368245800914e-13
mini_odd_diagonal_delta,78,2,18,3,5,-1.3037035860585799e-11,0.0000000000000000e+00,+1.3037035860585799e-11,1.3037035860585799e-11
mini_odd_diagonal_delta,78,2,18,3,6,7.1111107453891709e-12,0.0000000000000000e+00,-7.1111107453891709e-12,7.1111107453891709e-12
mini_odd_diagonal_delta,78,2,18,3,9,-6.9629629752959721e-12,0.0000000000000000e+00,+6.9629629752959721e-12,6.9629629752959721e-12
mini_odd_diagonal_delta,79,2,17,4,1,-2.9185182048863112e-11,0.0000000000000000e+00,+2.9185182048863112e-11,2.9185182048863112e-11
mini_odd_diagonal_delta,79,2,17,4,2,-6.8074074155433095e-11,0.0000000000000000e+00,+6.8074074155433095e-11,6.8074074155433095e-11
mini_odd_diagonal_delta,79,2,17,4,3,5.9259272836009735e-12,0.0000000000000000e+00,-5.9259272836009735e-12,5.9259272836009735e-12
mini_odd_diagonal_delta,79,2,17,4,4,1.8962962276825035e-11,0.0000000000000000e+00,-1.8962962276825035e-11,1.8962962276825035e-11
mini_odd_diagonal_delta,79,2,17,4,5,-4.6666672262607456e-12,0.0000000000000000e+00,+4.6666672262607456e-12,4.6666672262607456e-12
mini_odd_diagonal_delta,79,2,17,4,6,-6.1944444799261200e-12,0.0000000000000000e+00,+6.1944444799261200e-12,6.1944444799261200e-12
mini_odd_diagonal_delta,79,2,17,4,7,6.0972219027149999e-12,0.0000000000000000e+00,-6.0972219027149999e-12,6.0972219027149999e-12
mini_odd_diagonal_delta,79,2,17,4,8,7.5740741803387301e-12,0.0000000000000000e+00,-7.5740741803387301e-12,7.5740741803387301e-12
mini_odd_diagonal_delta,79,2,17,4,9,-8.9490741206343927e-12,0.0000000000000000e+00,+8.9490741206343927e-12,8.9490741206343927e-12
mini_odd_diagonal_delta,80,2,18,4,1,-3.7925919349479642e-11,0.0000000000000000e+00,+3.7925919349479642e-11,3.7925919349479642e-11
mini_odd_diagonal_delta,80,2,18,4,2,-1.5407406253609146e-11,0.0000000000000000e+00,+1.5407406253609146e-11,1.5407406253609146e-11
mini_odd_diagonal_delta,80,2,18,4,3,1.2222237111281231e-12,0.0000000000000000e+00,-1.2222237111281231e-12,1.2222237111281231e-12
mini_odd_diagonal_delta,80,2,18,4,5,-1.8148130567774423e-12,0.0000000000000000e+00,+1.8148130567774423e-12,1.8148130567774423e-12
mini_odd_diagonal_delta,80,2,18,4,6,2.1481479789420277e-12,0.0000000000000000e+00,-2.1481479789420277e-12,2.1481479789420277e-12
mini_odd_diagonal_delta,80,2,18,4,9,-6.4444439368260831e-12,0.0000000000000000e+00,+6.4444439368260831e-12,6.4444439368260831e-12
mini_odd_diagonal_delta,81,2,15,5,1,-3.3185187237050329e-11,0.0000000000000000e+00,+3.3185187237050329e-11,3.3185187237050329e-11
mini_odd_diagonal_delta,81,2,15,5,2,-1.3222221061093276e-11,0.0000000000000000e+00,+1.3222221061093276e-11,1.3222221061093276e-11
mini_odd_diagonal_delta,81,2,15,5,3,1.3333330967091328e-11,0.0000000000000000e+00,-1.3333330967091328e-11,1.3333330967091328e-11
mini_odd_diagonal_delta,81,2,15,5,4,3.2481481046509053e-11,0.0000000000000000e+00,-3.2481481046509053e-11,3.2481481046509053e-11
mini_odd_diagonal_delta,81,2,15,5,5,-2.0740718170708661e-12,0.0000000000000000e+00,+2.0740718170708661e-12,2.0740718170708661e-12
mini_odd_diagonal_delta,81,2,15,5,6,-9.0370373944520521e-12,0.0000000000000000e+00,+9.0370373944520521e-12,9.0370373944520521e-12
mini_odd_diagonal_delta,81,2,15,5,7,1.7481481540126964e-11,0.0000000000000000e+00,-1.7481481540126964e-11,1.7481481540126964e-11
mini_odd_diagonal_delta,81,2,15,5,8,3.7777780036163389e-12,0.0000000000000000e+00,-3.7777780036163389e-12,3.7777780036163389e-12
mini_odd_diagonal_delta,81,2,15,5,9,3.7037126837669021e-13,0.0000000000000000e+00,-3.7037126837669021e-13,3.7037126837669021e-13
mini_odd_diagonal_delta,82,2,16,5,1,-8.6740743060476078e-11,0.0000000000000000e+00,+8.6740743060476078e-11,8.6740743060476078e-11
mini_odd_diagonal_delta,82,2,16,5,2,-2.0740761538795560e-12,0.0000000000000000e+00,+2.0740761538795560e-12,2.0740761538795560e-12
mini_odd_diagonal_delta,82,2,16,5,3,-2.0740752865178180e-12,0.0000000000000000e+00,+2.0740752865178180e-12,2.0740752865178180e-12
mini_odd_diagonal_delta,82,2,16,5,4,8.8888878896353773e-13,0.0000000000000000e+00,-8.8888878896353773e-13,8.8888878896353773e-13
mini_odd_diagonal_delta,82,2,16,5,5,8.8888878896353773e-13,0.0000000000000000e+00,-8.8888878896353773e-13,8.8888878896353773e-13
mini_odd_diagonal_delta,82,2,16,5,6,1.1111110295725091e-11,0.0000000000000000e+00,-1.1111110295725091e-11,1.1111110295725091e-11
mini_odd_diagonal_delta,82,2,16,5,7,2.3703710435446501e-12,0.0000000000000000e+00,-2.3703710435446501e-12,2.3703710435446501e-12
mini_odd_diagonal_delta,82,2,16,5,8,9.1851851645452509e-12,0.0000000000000000e+00,-9.1851851645452509e-12,9.1851851645452509e-12
mini_odd_diagonal_delta,82,2,16,5,9,2.3703710435446501e-12,0.0000000000000000e+00,-2.3703710435446501e-12,2.3703710435446501e-12
mini_odd_diagonal_delta,83,2,15,6,1,-2.9185182048863112e-11,0.0000000000000000e+00,+2.9185182048863112e-11,2.9185182048863112e-11
mini_odd_diagonal_delta,83,2,15,6,2,5.9259272836009735e-12,0.0000000000000000e+00,-5.9259272836009735e-12,5.9259272836009735e-12
mini_odd_diagonal_delta,83,2,15,6,3,-6.8074075022794833e-11,0.0000000000000000e+00,+6.8074075022794833e-11,6.8074075022794833e-11
mini_odd_diagonal_delta,83,2,15,6,4,-4.6666672262607456e-12,0.0000000000000000e+00,+4.6666672262607456e-12,4.6666672262607456e-12
mini_odd_diagonal_delta,83,2,15,6,5,1.8962964878910249e-11,0.0000000000000000e+00,-1.8962964878910249e-11,1.8962964878910249e-11
mini_odd_diagonal_delta,83,2,15,6,6,-6.1944444799261200e-12,0.0000000000000000e+00,+6.1944444799261200e-12,6.1944444799261200e-12
mini_odd_diagonal_delta,83,2,15,6,7,-8.9490741206343927e-12,0.0000000000000000e+00,+8.9490741206343927e-12,8.9490741206343927e-12
mini_odd_diagonal_delta,83,2,15,6,8,7.5740741803387301e-12,0.0000000000000000e+00,-7.5740741803387301e-12,7.5740741803387301e-12
mini_odd_diagonal_delta,83,2,15,6,9,6.0972219027149999e-12,0.0000000000000000e+00,-6.0972219027149999e-12,6.0972219027149999e-12
mini_odd_diagonal_delta,84,2,16,6,1,-6.0444441118967518e-11,0.0000000000000000e+00,+6.0444441118967518e-11,6.0444441118967518e-11
mini_odd_diagonal_delta,84,2,16,6,2,-3.8518502623596795e-12,0.0000000000000000e+00,+3.8518502623596795e-12,3.8518502623596795e-12
mini_odd_diagonal_delta,84,2,16,6,3,-7.8074073248113329e-11,0.0000000000000000e+00,+7.8074073248113329e-11,7.8074073248113329e-11
mini_odd_diagonal_delta,84,2,16,6,4,1.0962961441429719e-11,0.0000000000000000e+00,-1.0962961441429719e-11,1.0962961441429719e-11
mini_odd_diagonal_delta,84,2,16,6,5,2.1407407096996067e-11,0.0000000000000000e+00,-2.1407407096996067e-11,2.1407407096996067e-11
mini_odd_diagonal_delta,84,2,16,6,6,-1.7629629960741466e-11,0.0000000000000000e+00,+1.7629629960741466e-11,1.7629629960741466e-11
mini_odd_diagonal_delta,84,2,16,6,7,-3.3333331754537010e-12,0.0000000000000000e+00,+3.3333331754537010e-12,3.3333331754537010e-12
mini_odd_diagonal_delta,84,2,16,6,8,1.9999999920083944e-12,0.0000000000000000e+00,-1.9999999920083944e-12,1.9999999920083944e-12
mini_odd_diagonal_delta,84,2,16,6,9,5.6296295750102310e-12,0.0000000000000000e+00,-5.6296295750102310e-12,5.6296295750102310e-12
mini_odd_diagonal_delta,85,2,17,5,1,-6.0444441118967518e-11,0.0000000000000000e+00,+6.0444441118967518e-11,6.0444441118967518e-11
mini_odd_diagonal_delta,85,2,17,5,2,-7.8074073248113329e-11,0.0000000000000000e+00,+7.8074073248113329e-11,7.8074073248113329e-11
mini_odd_diagonal_delta,85,2,17,5,3,-3.8518502623596795e-12,0.0000000000000000e+00,+3.8518502623596795e-12,3.8518502623596795e-12
mini_odd_diagonal_delta,85,2,17,5,4,2.1407407096996067e-11,0.0000000000000000e+00,-2.1407407096996067e-11,2.1407407096996067e-11
mini_odd_diagonal_delta,85,2,17,5,5,1.0962964043514933e-11,0.0000000000000000e+00,-1.0962964043514933e-11,1.0962964043514933e-11
mini_odd_diagonal_delta,85,2,17,5,6,-1.7629629743901032e-11,0.0000000000000000e+00,+1.7629629743901032e-11,1.7629629743901032e-11
mini_odd_diagonal_delta,85,2,17,5,7,5.6296295750102310e-12,0.0000000000000000e+00,-5.6296295750102310e-12,5.6296295750102310e-12
mini_odd_diagonal_delta,85,2,17,5,8,1.9999999920083944e-12,0.0000000000000000e+00,-1.9999999920083944e-12,1.9999999920083944e-12
mini_odd_diagonal_delta,85,2,17,5,9,-3.3333331754537010e-12,0.0000000000000000e+00,+3.3333331754537010e-12,3.3333331754537010e-12
mini_odd_diagonal_delta,86,2,18,5,1,-4.2814810724545183e-11,0.0000000000000000e+00,+4.2814810724545183e-11,4.2814810724545183e-11
mini_odd_diagonal_delta,86,2,18,5,2,-3.0222221426845497e-11,0.0000000000000000e+00,+3.0222221426845497e-11,3.0222221426845497e-11
mini_odd_diagonal_delta,86,2,18,5,3,-5.9259246815157596e-12,0.0000000000000000e+00,+5.9259246815157596e-12,5.9259246815157596e-12
mini_odd_diagonal_delta,86,2,18,5,5,2.6666681016140892e-12,0.0000000000000000e+00,-2.6666681016140892e-12,2.6666681016140892e-12
mini_odd_diagonal_delta,86,2,18,5,6,-5.1851853973688966e-12,0.0000000000000000e+00,+5.1851853973688966e-12,5.1851853973688966e-12
mini_odd_diagonal_delta,86,2,18,5,9,-3.7037035764686532e-12,0.0000000000000000e+00,+3.7037035764686532e-12,3.7037035764686532e-12
mini_odd_diagonal_delta,87,2,17,6,1,-5.8814810660612338e-11,0.0000000000000000e+00,+5.8814810660612338e-11,5.8814810660612338e-11
mini_odd_diagonal_delta,87,2,17,6,2,-2.8666666262999740e-11,0.0000000000000000e+00,+2.8666666262999740e-11,2.8666666262999740e-11
mini_odd_diagonal_delta,87,2,17,6,3,-2.8666666262999740e-11,0.0000000000000000e+00,+2.8666666262999740e-11,2.8666666262999740e-11
mini_odd_diagonal_delta,87,2,17,6,4,3.5555551558541509e-12,0.0000000000000000e+00,-3.5555551558541509e-12,3.5555551558541509e-12
mini_odd_diagonal_delta,87,2,17,6,5,3.5555551558541509e-12,0.0000000000000000e+00,-3.5555551558541509e-12,3.5555551558541509e-12
mini_odd_diagonal_delta,87,2,17,6,6,-2.8060184167552626e-11,0.0000000000000000e+00,+2.8060184167552626e-11,2.8060184167552626e-11
mini_odd_diagonal_delta,87,2,17,6,7,3.1296293681593035e-12,0.0000000000000000e+00,-3.1296293681593035e-12,3.1296293681593035e-12
mini_odd_diagonal_delta,87,2,17,6,8,2.3148366903869011e-14,0.0000000000000000e+00,-2.3148366903869011e-14,2.3148366903869011e-14
mini_odd_diagonal_delta,87,2,17,6,9,3.1296293681593035e-12,0.0000000000000000e+00,-3.1296293681593035e-12,3.1296293681593035e-12
mini_odd_diagonal_delta,88,2,18,6,1,-7.1111068422613499e-12,0.0000000000000000e+00,+7.1111068422613499e-12,7.1111068422613499e-12
mini_odd_diagonal_delta,88,2,18,6,2,-3.1703702163543568e-11,0.0000000000000000e+00,+3.1703702163543568e-11,3.1703702163543568e-11
mini_odd_diagonal_delta,88,2,18,6,3,-1.9592591438133411e-11,0.0000000000000000e+00,+1.9592591438133411e-11,1.9592591438133411e-11
mini_odd_diagonal_delta,88,2,18,6,5,3.7038080935580808e-14,0.0000000000000000e+00,-3.7038080935580808e-14,3.7038080935580808e-14
mini_odd_diagonal_delta,88,2,18,6,6,-1.0888888749005510e-11,0.0000000000000000e+00,+1.0888888749005510e-11,1.0888888749005510e-11
mini_odd_diagonal_delta,88,2,18,6,9,-2.2222198040044994e-13,0.0000000000000000e+00,+2.2222198040044994e-13,2.2222198040044994e-13
mini_odd_diagonal_delta,89,2,15,7,1,-3.7925919349479642e-11,0.0000000000000000e+00,+3.7925919349479642e-11,3.7925919349479642e-11
mini_odd_diagonal_delta,89,2,15,7,2,1.2222237111281231e-12,0.0000000000000000e+00,-1.2222237111281231e-12,1.2222237111281231e-12
mini_odd_diagonal_delta,89,2,15,7,3,-1.5407406253609146e-11,0.0000000000000000e+00,+1.5407406253609146e-11,1.5407406253609146e-11
mini_odd_diagonal_delta,89,2,15,7,4,-1.8148130567774423e-12,0.0000000000000000e+00,+1.8148130567774423e-12,1.8148130567774423e-12
mini_odd_diagonal_delta,89,2,15,7,6,2.1481479789420277e-12,0.0000000000000000e+00,-2.1481479789420277e-12,2.1481479789420277e-12
mini_odd_diagonal_delta,89,2,15,7,7,-6.4444443705069521e-12,0.0000000000000000e+00,+6.4444443705069521e-12,6.4444443705069521e-12
mini_odd_diagonal_delta,90,2,16,7,1,-4.2814810724545183e-11,0.0000000000000000e+00,+4.2814810724545183e-11,4.2814810724545183e-11
mini_odd_diagonal_delta,90,2,16,7,2,-5.9259246815157596e-12,0.0000000000000000e+00,+5.9259246815157596e-12,5.9259246815157596e-12
mini_odd_diagonal_delta,90,2,16,7,3,-3.0222222294207235e-11,0.0000000000000000e+00,+3.0222222294207235e-11,3.0222222294207235e-11
mini_odd_diagonal_delta,90,2,16,7,4,2.6666681016140892e-12,0.0000000000000000e+00,-2.6666681016140892e-12,2.6666681016140892e-12
mini_odd_diagonal_delta,90,2,16,7,6,-5.1851853973688966e-12,0.0000000000000000e+00,+5.1851853973688966e-12,5.1851853973688966e-12
mini_odd_diagonal_delta,90,2,16,7,7,-3.7037035764686532e-12,0.0000000000000000e+00,+3.7037035764686532e-12,3.7037035764686532e-12
mini_odd_diagonal_delta,91,2,15,8,3,-2.6370368562400603e-11,0.0000000000000000e+00,+2.6370368562400603e-11,2.6370368562400603e-11
mini_odd_diagonal_delta,91,2,15,8,6,-5.4861106976722418e-12,0.0000000000000000e+00,+5.4861106976722418e-12,5.4861106976722418e-12
mini_odd_diagonal_delta,91,2,15,8,7,-8.4537032322279382e-12,0.0000000000000000e+00,+8.4537032322279382e-12,8.4537032322279382e-12
mini_odd_diagonal_delta,92,2,16,8,3,-3.1259257335380930e-11,0.0000000000000000e+00,+3.1259257335380930e-11,3.1259257335380930e-11
mini_odd_diagonal_delta,92,2,16,8,6,-8.1481475212863419e-12,0.0000000000000000e+00,+8.1481475212863419e-12,8.1481475212863419e-12
mini_odd_diagonal_delta,92,2,16,8,7,-6.6666637488221880e-13,0.0000000000000000e+00,+6.6666637488221880e-13,6.6666637488221880e-13
mini_odd_diagonal_delta,93,2,17,7,1,-7.1111068422613499e-12,0.0000000000000000e+00,+7.1111068422613499e-12,7.1111068422613499e-12
mini_odd_diagonal_delta,93,2,17,7,2,-1.9592591438133411e-11,0.0000000000000000e+00,+1.9592591438133411e-11,1.9592591438133411e-11
mini_odd_diagonal_delta,93,2,17,7,3,-3.1703702163543568e-11,0.0000000000000000e+00,+3.1703702163543568e-11,3.1703702163543568e-11
mini_odd_diagonal_delta,93,2,17,7,4,3.7038080935580808e-14,0.0000000000000000e+00,-3.7038080935580808e-14,3.7038080935580808e-14
mini_odd_diagonal_delta,93,2,17,7,6,-1.0888888749005510e-11,3.9062499979439225e-11,+4.9951388728444734e-11,4.9951388728444734e-11
mini_odd_diagonal_delta,93,2,17,7,7,-2.2222198040044994e-13,0.0000000000000000e+00,+2.2222198040044994e-13,2.2222198040044994e-13
mini_odd_diagonal_delta,94,2,18,7,1,-7.4069222977257709e-14,0.0000000000000000e+00,+7.4069222977257709e-14,7.4069222977257709e-14
mini_odd_diagonal_delta,94,2,18,7,2,-6.2222206553830262e-12,0.0000000000000000e+00,+6.2222206553830262e-12,6.2222206553830262e-12
mini_odd_diagonal_delta,94,2,18,7,3,-6.2222206553830262e-12,0.0000000000000000e+00,+6.2222206553830262e-12,6.2222206553830262e-12
mini_odd_diagonal_delta,94,2,18,7,6,-1.2592592116625334e-11,-3.9062499979439225e-11,-2.6469907862813891e-11,2.6469907862813891e-11
mini_odd_diagonal_delta,95,2,17,8,3,-6.6666654835456640e-12,0.0000000000000000e+00,+6.6666654835456640e-12,6.6666654835456640e-12
mini_odd_diagonal_delta,95,2,17,8,6,-8.4537032322279382e-12,3.9062499979439225e-11,+4.7516203211667163e-11,4.7516203211667163e-11
mini_odd_diagonal_delta,95,2,17,8,7,-4.6293264360786068e-15,0.0000000000000000e+00,+4.6293264360786068e-15,4.6293264360786068e-15
mini_odd_diagonal_delta,96,2,18,8,3,-7.4072692424209663e-14,0.0000000000000000e+00,+7.4072692424209663e-14,7.4072692424209663e-14
mini_odd_diagonal_delta,96,2,18,8,6,-6.6666615804178431e-13,-3.9062499979439225e-11,-3.8395833821397440e-11,3.8395833821397440e-11
