case,rank,topo,ratio,src_id,src_level,src_i,src_j,src_q,src_geom,dst_id,dst_level,dst_i,dst_j,dst_q,dst_geom,oracle_weight,amr_weight,diff,absdiff,classification,route_signature
xband_wall_r2,1,xband_wall,2,6,0,6,1,2,south_wall|east_iface|wall_level_corner,193,1,13,1,2,south_wall|west_iface|wall_level_corner,2.5000000000000000e-01,3.1250000000000000e-01,6.2500000000000000e-02,6.2500000000000000e-02,c2f,47:SPLIT_FACE:dst193:w0.5|48:SPLIT_FACE:dst195:w0.5
xband_wall_r2,2,xband_wall,2,6,0,6,1,2,south_wall|east_iface|wall_level_corner,195,1,13,2,2,west_iface,2.5000000000000000e-01,1.8750000000000000e-01,-6.2500000000000000e-02,6.2500000000000000e-02,c2f,47:SPLIT_FACE:dst193:w0.5|48:SPLIT_FACE:dst195:w0.5
xband_wall_r2,3,xband_wall,2,6,0,6,1,2,south_wall|east_iface|wall_level_corner,194,1,14,1,2,south_wall,2.5000000000000000e-01,3.1250000000000000e-01,6.2500000000000000e-02,6.2500000000000000e-02,c2f,47:SPLIT_FACE:dst193:w0.5|48:SPLIT_FACE:dst195:w0.5
xband_wall_r2,4,xband_wall,2,6,0,6,1,2,south_wall|east_iface|wall_level_corner,196,1,14,2,2,bulk,2.5000000000000000e-01,1.8750000000000000e-01,-6.2500000000000000e-02,6.2500000000000000e-02,c2f,47:SPLIT_FACE:dst193:w0.5|48:SPLIT_FACE:dst195:w0.5
xband_wall_r2,5,xband_wall,2,6,0,6,1,6,south_wall|east_iface|wall_level_corner,209,1,13,3,6,west_iface,2.5000000000000000e-01,3.1250000000000000e-01,6.2500000000000000e-02,6.2500000000000000e-02,c2f,52:SPLIT_CORNER:dst195:w0.5|53:SPLIT_CORNER:dst209:w0.5
xband_wall_r2,6,xband_wall,2,6,0,6,1,6,south_wall|east_iface|wall_level_corner,211,1,13,4,6,west_iface,2.5000000000000000e-01,1.8750000000000000e-01,-6.2500000000000000e-02,6.2500000000000000e-02,c2f,52:SPLIT_CORNER:dst195:w0.5|53:SPLIT_CORNER:dst209:w0.5
xband_wall_r2,7,xband_wall,2,6,0,6,1,6,south_wall|east_iface|wall_level_corner,212,1,14,4,6,bulk,2.5000000000000000e-01,1.8750000000000000e-01,-6.2500000000000000e-02,6.2500000000000000e-02,c2f,52:SPLIT_CORNER:dst195:w0.5|53:SPLIT_CORNER:dst209:w0.5
xband_wall_r2,8,xband_wall,2,6,0,6,1,6,south_wall|east_iface|wall_level_corner,210,1,14,3,6,bulk,2.5000000000000000e-01,3.1250000000000000e-01,6.2500000000000000e-02,6.2500000000000000e-02,c2f,52:SPLIT_CORNER:dst195:w0.5|53:SPLIT_CORNER:dst209:w0.5
xband_wall_r2,9,xband_wall,2,11,0,11,1,4,south_wall|west_iface|wall_level_corner,207,1,19,2,4,bulk,2.5000000000000000e-01,1.8750000000000000e-01,-6.2500000000000000e-02,6.2500000000000000e-02,c2f,61:SPLIT_FACE:dst206:w0.5|62:SPLIT_FACE:dst208:w0.5
xband_wall_r2,10,xband_wall,2,11,0,11,1,4,south_wall|west_iface|wall_level_corner,206,1,20,1,4,south_wall|east_iface|wall_level_corner,2.5000000000000000e-01,3.1250000000000000e-01,6.2500000000000000e-02,6.2500000000000000e-02,c2f,61:SPLIT_FACE:dst206:w0.5|62:SPLIT_FACE:dst208:w0.5
xband_wall_r2,11,xband_wall,2,11,0,11,1,4,south_wall|west_iface|wall_level_corner,205,1,19,1,4,south_wall,2.5000000000000000e-01,3.1250000000000000e-01,6.2500000000000000e-02,6.2500000000000000e-02,c2f,61:SPLIT_FACE:dst206:w0.5|62:SPLIT_FACE:dst208:w0.5
xband_wall_r2,12,xband_wall,2,11,0,11,1,4,south_wall|west_iface|wall_level_corner,208,1,20,2,4,east_iface,2.5000000000000000e-01,1.8750000000000000e-01,-6.2500000000000000e-02,6.2500000000000000e-02,c2f,61:SPLIT_FACE:dst206:w0.5|62:SPLIT_FACE:dst208:w0.5
xband_wall_r2,13,xband_wall,2,11,0,11,1,7,south_wall|west_iface|wall_level_corner,221,1,19,3,7,bulk,2.5000000000000000e-01,3.1250000000000000e-01,6.2500000000000000e-02,6.2500000000000000e-02,c2f,65:SPLIT_CORNER:dst208:w0.5|66:SPLIT_CORNER:dst222:w0.5
xband_wall_r2,14,xband_wall,2,11,0,11,1,7,south_wall|west_iface|wall_level_corner,222,1,20,3,7,east_iface,2.5000000000000000e-01,3.1250000000000000e-01,6.2500000000000000e-02,6.2500000000000000e-02,c2f,65:SPLIT_CORNER:dst208:w0.5|66:SPLIT_CORNER:dst222:w0.5
xband_wall_r2,15,xband_wall,2,11,0,11,1,7,south_wall|west_iface|wall_level_corner,224,1,20,4,7,east_iface,2.5000000000000000e-01,1.8750000000000000e-01,-6.2500000000000000e-02,6.2500000000000000e-02,c2f,65:SPLIT_CORNER:dst208:w0.5|66:SPLIT_CORNER:dst222:w0.5
xband_wall_r2,16,xband_wall,2,11,0,11,1,7,south_wall|west_iface|wall_level_corner,223,1,19,4,7,bulk,2.5000000000000000e-01,1.8750000000000000e-01,-6.2500000000000000e-02,6.2500000000000000e-02,c2f,65:SPLIT_CORNER:dst208:w0.5|66:SPLIT_CORNER:dst222:w0.5
xband_wall_r2,17,xband_wall,2,182,0,6,12,2,north_wall|east_iface|wall_level_corner,372,1,14,24,2,north_wall,2.5000000000000000e-01,3.1250000000000000e-01,6.2500000000000000e-02,6.2500000000000000e-02,c2f,1301:SPLIT_FACE:dst369:w0.5|1302:SPLIT_FACE:dst371:w0.5
xband_wall_r2,18,xband_wall,2,182,0,6,12,2,north_wall|east_iface|wall_level_corner,370,1,14,23,2,bulk,2.5000000000000000e-01,1.8750000000000000e-01,-6.2500000000000000e-02,6.2500000000000000e-02,c2f,1301:SPLIT_FACE:dst369:w0.5|1302:SPLIT_FACE:dst371:w0.5
xband_wall_r2,19,xband_wall,2,182,0,6,12,2,north_wall|east_iface|wall_level_corner,369,1,13,23,2,west_iface,2.5000000000000000e-01,1.8750000000000000e-01,-6.2500000000000000e-02,6.2500000000000000e-02,c2f,1301:SPLIT_FACE:dst369:w0.5|1302:SPLIT_FACE:dst371:w0.5
xband_wall_r2,20,xband_wall,2,182,0,6,12,2,north_wall|east_iface|wall_level_corner,371,1,13,24,2,north_wall|west_iface|wall_level_corner,2.5000000000000000e-01,3.1250000000000000e-01,6.2500000000000000e-02,6.2500000000000000e-02,c2f,1301:SPLIT_FACE:dst369:w0.5|1302:SPLIT_FACE:dst371:w0.5
xband_wall_r2,21,xband_wall,2,182,0,6,12,9,north_wall|east_iface|wall_level_corner,355,1,13,22,9,west_iface,2.5000000000000000e-01,3.1250000000000000e-01,6.2500000000000000e-02,6.2500000000000000e-02,c2f,1310:SPLIT_CORNER:dst355:w0.5|1311:SPLIT_CORNER:dst369:w0.5
xband_wall_r2,22,xband_wall,2,182,0,6,12,9,north_wall|east_iface|wall_level_corner,353,1,13,21,9,west_iface,2.5000000000000000e-01,1.8750000000000000e-01,-6.2500000000000000e-02,6.2500000000000000e-02,c2f,1310:SPLIT_CORNER:dst355:w0.5|1311:SPLIT_CORNER:dst369:w0.5
xband_wall_r2,23,xband_wall,2,182,0,6,12,9,north_wall|east_iface|wall_level_corner,356,1,14,22,9,bulk,2.5000000000000000e-01,3.1250000000000000e-01,6.2500000000000000e-02,6.2500000000000000e-02,c2f,1310:SPLIT_CORNER:dst355:w0.5|1311:SPLIT_CORNER:dst369:w0.5
xband_wall_r2,24,xband_wall,2,182,0,6,12,9,north_wall|east_iface|wall_level_corner,354,1,14,21,9,bulk,2.5000000000000000e-01,1.8750000000000000e-01,-6.2500000000000000e-02,6.2500000000000000e-02,c2f,1310:SPLIT_CORNER:dst355:w0.5|1311:SPLIT_CORNER:dst369:w0.5
xband_wall_r2,25,xband_wall,2,187,0,11,12,4,north_wall|west_iface|wall_level_corner,384,1,20,24,4,north_wall|east_iface|wall_level_corner,2.5000000000000000e-01,3.1250000000000000e-01,6.2500000000000000e-02,6.2500000000000000e-02,c2f,1315:SPLIT_FACE:dst382:w0.5|1316:SPLIT_FACE:dst384:w0.5
xband_wall_r2,26,xband_wall,2,187,0,11,12,4,north_wall|west_iface|wall_level_corner,382,1,20,23,4,east_iface,2.5000000000000000e-01,1.8750000000000000e-01,-6.2500000000000000e-02,6.2500000000000000e-02,c2f,1315:SPLIT_FACE:dst382:w0.5|1316:SPLIT_FACE:dst384:w0.5
xband_wall_r2,27,xband_wall,2,187,0,11,12,4,north_wall|west_iface|wall_level_corner,383,1,19,24,4,north_wall,2.5000000000000000e-01,3.1250000000000000e-01,6.2500000000000000e-02,6.2500000000000000e-02,c2f,1315:SPLIT_FACE:dst382:w0.5|1316:SPLIT_FACE:dst384:w0.5
xband_wall_r2,28,xband_wall,2,187,0,11,12,4,north_wall|west_iface|wall_level_corner,381,1,19,23,4,bulk,2.5000000000000000e-01,1.8750000000000000e-01,-6.2500000000000000e-02,6.2500000000000000e-02,c2f,1315:SPLIT_FACE:dst382:w0.5|1316:SPLIT_FACE:dst384:w0.5
xband_wall_r2,29,xband_wall,2,187,0,11,12,8,north_wall|west_iface|wall_level_corner,368,1,20,22,8,east_iface,2.5000000000000000e-01,3.1250000000000000e-01,6.2500000000000000e-02,6.2500000000000000e-02,c2f,1321:SPLIT_CORNER:dst368:w0.5|1322:SPLIT_CORNER:dst382:w0.5
xband_wall_r2,30,xband_wall,2,187,0,11,12,8,north_wall|west_iface|wall_level_corner,367,1,19,22,8,bulk,2.5000000000000000e-01,3.1250000000000000e-01,6.2500000000000000e-02,6.2500000000000000e-02,c2f,1321:SPLIT_CORNER:dst368:w0.5|1322:SPLIT_CORNER:dst382:w0.5
xband_wall_r2,31,xband_wall,2,187,0,11,12,8,north_wall|west_iface|wall_level_corner,366,1,20,21,8,east_iface,2.5000000000000000e-01,1.8750000000000000e-01,-6.2500000000000000e-02,6.2500000000000000e-02,c2f,1321:SPLIT_CORNER:dst368:w0.5|1322:SPLIT_CORNER:dst382:w0.5
xband_wall_r2,32,xband_wall,2,187,0,11,12,8,north_wall|west_iface|wall_level_corner,365,1,19,21,8,bulk,2.5000000000000000e-01,1.8750000000000000e-01,-6.2500000000000000e-02,6.2500000000000000e-02,c2f,1321:SPLIT_CORNER:dst368:w0.5|1322:SPLIT_CORNER:dst382:w0.5
xband_wall_r4,1,xband_wall,4,5,0,5,1,2,south_wall|east_iface|wall_level_corner,193,1,11,1,2,south_wall|west_iface|wall_level_corner,2.5000000000000000e-01,3.1250000000000000e-01,6.2500000000000000e-02,6.2500000000000000e-02,c2f,38:SPLIT_FACE:dst193:w0.5|39:SPLIT_FACE:dst195:w0.5
xband_wall_r4,2,xband_wall,4,5,0,5,1,2,south_wall|east_iface|wall_level_corner,195,1,11,2,2,west_iface,2.5000000000000000e-01,1.8750000000000000e-01,-6.2500000000000000e-02,6.2500000000000000e-02,c2f,38:SPLIT_FACE:dst193:w0.5|39:SPLIT_FACE:dst195:w0.5
xband_wall_r4,3,xband_wall,4,5,0,5,1,2,south_wall|east_iface|wall_level_corner,194,1,12,1,2,south_wall|east_iface|wall_level_corner,2.5000000000000000e-01,3.1250000000000000e-01,6.2500000000000000e-02,6.2500000000000000e-02,c2f,38:SPLIT_FACE:dst193:w0.5|39:SPLIT_FACE:dst195:w0.5
xband_wall_r4,4,xband_wall,4,5,0,5,1,2,south_wall|east_iface|wall_level_corner,196,1,12,2,2,east_iface,2.5000000000000000e-01,1.8750000000000000e-01,-6.2500000000000000e-02,6.2500000000000000e-02,c2f,38:SPLIT_FACE:dst193:w0.5|39:SPLIT_FACE:dst195:w0.5
xband_wall_r4,5,xband_wall,4,5,0,5,1,6,south_wall|east_iface|wall_level_corner,219,1,11,4,6,west_iface,2.5000000000000000e-01,1.8750000000000000e-01,-6.2500000000000000e-02,6.2500000000000000e-02,c2f,43:SPLIT_CORNER:dst195:w0.5|44:SPLIT_CORNER:dst217:w0.5
xband_wall_r4,6,xband_wall,4,5,0,5,1,6,south_wall|east_iface|wall_level_corner,217,1,11,3,6,west_iface,2.5000000000000000e-01,3.1250000000000000e-01,6.2500000000000000e-02,6.2500000000000000e-02,c2f,43:SPLIT_CORNER:dst195:w0.5|44:SPLIT_CORNER:dst217:w0.5
xband_wall_r4,7,xband_wall,4,5,0,5,1,6,south_wall|east_iface|wall_level_corner,220,1,12,4,6,east_iface,2.5000000000000000e-01,1.8750000000000000e-01,-6.2500000000000000e-02,6.2500000000000000e-02,c2f,43:SPLIT_CORNER:dst195:w0.5|44:SPLIT_CORNER:dst217:w0.5
xband_wall_r4,8,xband_wall,4,5,0,5,1,6,south_wall|east_iface|wall_level_corner,218,1,12,3,6,east_iface,2.5000000000000000e-01,3.1250000000000000e-01,6.2500000000000000e-02,6.2500000000000000e-02,c2f,43:SPLIT_CORNER:dst195:w0.5|44:SPLIT_CORNER:dst217:w0.5
xband_wall_r4,9,xband_wall,4,12,0,12,1,4,south_wall|west_iface|wall_level_corner,216,1,22,2,4,east_iface,2.5000000000000000e-01,1.8750000000000000e-01,-6.2500000000000000e-02,6.2500000000000000e-02,c2f,52:SPLIT_FACE:dst214:w0.5|53:SPLIT_FACE:dst216:w0.5
xband_wall_r4,10,xband_wall,4,12,0,12,1,4,south_wall|west_iface|wall_level_corner,215,1,21,2,4,west_iface,2.5000000000000000e-01,1.8750000000000000e-01,-6.2500000000000000e-02,6.2500000000000000e-02,c2f,52:SPLIT_FACE:dst214:w0.5|53:SPLIT_FACE:dst216:w0.5
xband_wall_r4,11,xband_wall,4,12,0,12,1,4,south_wall|west_iface|wall_level_corner,214,1,22,1,4,south_wall|east_iface|wall_level_corner,2.5000000000000000e-01,3.1250000000000000e-01,6.2500000000000000e-02,6.2500000000000000e-02,c2f,52:SPLIT_FACE:dst214:w0.5|53:SPLIT_FACE:dst216:w0.5
xband_wall_r4,12,xband_wall,4,12,0,12,1,4,south_wall|west_iface|wall_level_corner,213,1,21,1,4,south_wall|west_iface|wall_level_corner,2.5000000000000000e-01,3.1250000000000000e-01,6.2500000000000000e-02,6.2500000000000000e-02,c2f,52:SPLIT_FACE:dst214:w0.5|53:SPLIT_FACE:dst216:w0.5
xband_wall_r4,13,xband_wall,4,12,0,12,1,7,south_wall|west_iface|wall_level_corner,238,1,22,3,7,east_iface,2.5000000000000000e-01,3.1250000000000000e-01,6.2500000000000000e-02,6.2500000000000000e-02,c2f,56:SPLIT_CORNER:dst216:w0.5|57:SPLIT_CORNER:dst238:w0.5
xband_wall_r4,14,xband_wall,4,12,0,12,1,7,south_wall|west_iface|wall_level_corner,239,1,21,4,7,west_iface,2.5000000000000000e-01,1.8750000000000000e-01,-6.2500000000000000e-02,6.2500000000000000e-02,c2f,56:SPLIT_CORNER:dst216:w0.5|57:SPLIT_CORNER:dst238:w0.5
xband_wall_r4,15,xband_wall,4,12,0,12,1,7,south_wall|west_iface|wall_level_corner,237,1,21,3,7,west_iface,2.5000000000000000e-01,3.1250000000000000e-01,6.2500000000000000e-02,6.2500000000000000e-02,c2f,56:SPLIT_CORNER:dst216:w0.5|57:SPLIT_CORNER:dst238:w0.5
xband_wall_r4,16,xband_wall,4,12,0,12,1,7,south_wall|west_iface|wall_level_corner,240,1,22,4,7,east_iface,2.5000000000000000e-01,1.8750000000000000e-01,-6.2500000000000000e-02,6.2500000000000000e-02,c2f,56:SPLIT_CORNER:dst216:w0.5|57:SPLIT_CORNER:dst238:w0.5
xband_wall_r4,17,xband_wall,4,181,0,5,12,2,north_wall|east_iface|wall_level_corner,457,1,11,23,2,west_iface,2.5000000000000000e-01,1.8750000000000000e-01,-6.2500000000000000e-02,6.2500000000000000e-02,c2f,1094:SPLIT_FACE:dst457:w0.5|1095:SPLIT_FACE:dst459:w0.5
xband_wall_r4,18,xband_wall,4,181,0,5,12,2,north_wall|east_iface|wall_level_corner,458,1,12,23,2,east_iface,2.5000000000000000e-01,1.8750000000000000e-01,-6.2500000000000000e-02,6.2500000000000000e-02,c2f,1094:SPLIT_FACE:dst457:w0.5|1095:SPLIT_FACE:dst459:w0.5
xband_wall_r4,19,xband_wall,4,181,0,5,12,2,north_wall|east_iface|wall_level_corner,459,1,11,24,2,north_wall|west_iface|wall_level_corner,2.5000000000000000e-01,3.1250000000000000e-01,6.2500000000000000e-02,6.2500000000000000e-02,c2f,1094:SPLIT_FACE:dst457:w0.5|1095:SPLIT_FACE:dst459:w0.5
xband_wall_r4,20,xband_wall,4,181,0,5,12,2,north_wall|east_iface|wall_level_corner,460,1,12,24,2,north_wall|east_iface|wall_level_corner,2.5000000000000000e-01,3.1250000000000000e-01,6.2500000000000000e-02,6.2500000000000000e-02,c2f,1094:SPLIT_FACE:dst457:w0.5|1095:SPLIT_FACE:dst459:w0.5
xband_wall_r4,21,xband_wall,4,181,0,5,12,9,north_wall|east_iface|wall_level_corner,434,1,12,21,9,east_iface,2.5000000000000000e-01,1.8750000000000000e-01,-6.2500000000000000e-02,6.2500000000000000e-02,c2f,1103:SPLIT_CORNER:dst435:w0.5|1104:SPLIT_CORNER:dst457:w0.5
xband_wall_r4,22,xband_wall,4,181,0,5,12,9,north_wall|east_iface|wall_level_corner,436,1,12,22,9,east_iface,2.5000000000000000e-01,3.1250000000000000e-01,6.2500000000000000e-02,6.2500000000000000e-02,c2f,1103:SPLIT_CORNER:dst435:w0.5|1104:SPLIT_CORNER:dst457:w0.5
xband_wall_r4,23,xband_wall,4,181,0,5,12,9,north_wall|east_iface|wall_level_corner,433,1,11,21,9,west_iface,2.5000000000000000e-01,1.8750000000000000e-01,-6.2500000000000000e-02,6.2500000000000000e-02,c2f,1103:SPLIT_CORNER:dst435:w0.5|1104:SPLIT_CORNER:dst457:w0.5
xband_wall_r4,24,xband_wall,4,181,0,5,12,9,north_wall|east_iface|wall_level_corner,435,1,11,22,9,west_iface,2.5000000000000000e-01,3.1250000000000000e-01,6.2500000000000000e-02,6.2500000000000000e-02,c2f,1103:SPLIT_CORNER:dst435:w0.5|1104:SPLIT_CORNER:dst457:w0.5
xband_wall_r4,25,xband_wall,4,188,0,12,12,4,north_wall|west_iface|wall_level_corner,478,1,22,23,4,east_iface,2.5000000000000000e-01,1.8750000000000000e-01,-6.2500000000000000e-02,6.2500000000000000e-02,c2f,1108:SPLIT_FACE:dst478:w0.5|1109:SPLIT_FACE:dst480:w0.5
xband_wall_r4,26,xband_wall,4,188,0,12,12,4,north_wall|west_iface|wall_level_corner,477,1,21,23,4,west_iface,2.5000000000000000e-01,1.8750000000000000e-01,-6.2500000000000000e-02,6.2500000000000000e-02,c2f,1108:SPLIT_FACE:dst478:w0.5|1109:SPLIT_FACE:dst480:w0.5
xband_wall_r4,27,xband_wall,4,188,0,12,12,4,north_wall|west_iface|wall_level_corner,479,1,21,24,4,north_wall|west_iface|wall_level_corner,2.5000000000000000e-01,3.1250000000000000e-01,6.2500000000000000e-02,6.2500000000000000e-02,c2f,1108:SPLIT_FACE:dst478:w0.5|1109:SPLIT_FACE:dst480:w0.5
xband_wall_r4,28,xband_wall,4,188,0,12,12,4,north_wall|west_iface|wall_level_corner,480,1,22,24,4,north_wall|east_iface|wall_level_corner,2.5000000000000000e-01,3.1250000000000000e-01,6.2500000000000000e-02,6.2500000000000000e-02,c2f,1108:SPLIT_FACE:dst478:w0.5|1109:SPLIT_FACE:dst480:w0.5
xband_wall_r4,29,xband_wall,4,188,0,12,12,8,north_wall|west_iface|wall_level_corner,453,1,21,21,8,west_iface,2.5000000000000000e-01,1.8750000000000000e-01,-6.2500000000000000e-02,6.2500000000000000e-02,c2f,1114:SPLIT_CORNER:dst456:w0.5|1115:SPLIT_CORNER:dst478:w0.5
xband_wall_r4,30,xband_wall,4,188,0,12,12,8,north_wall|west_iface|wall_level_corner,455,1,21,22,8,west_iface,2.5000000000000000e-01,3.1250000000000000e-01,6.2500000000000000e-02,6.2500000000000000e-02,c2f,1114:SPLIT_CORNER:dst456:w0.5|1115:SPLIT_CORNER:dst478:w0.5
xband_wall_r4,31,xband_wall,4,188,0,12,12,8,north_wall|west_iface|wall_level_corner,454,1,22,21,8,east_iface,2.5000000000000000e-01,1.8750000000000000e-01,-6.2500000000000000e-02,6.2500000000000000e-02,c2f,1114:SPLIT_CORNER:dst456:w0.5|1115:SPLIT_CORNER:dst478:w0.5
xband_wall_r4,32,xband_wall,4,188,0,12,12,8,north_wall|west_iface|wall_level_corner,456,1,22,22,8,east_iface,2.5000000000000000e-01,3.1250000000000000e-01,6.2500000000000000e-02,6.2500000000000000e-02,c2f,1114:SPLIT_CORNER:dst456:w0.5|1115:SPLIT_CORNER:dst478:w0.5
xband_wall_r4,33,xband_wall,4,193,1,11,1,2,south_wall|west_iface|wall_level_corner,483,2,25,2,2,west_iface,2.5000000000000000e-01,1.8750000000000000e-01,-6.2500000000000000e-02,6.2500000000000000e-02,c2f,1154:DIRECT:dst194:w1
xband_wall_r4,34,xband_wall,4,193,1,11,1,2,south_wall|west_iface|wall_level_corner,484,2,26,2,2,bulk,2.5000000000000000e-01,1.8750000000000000e-01,-6.2500000000000000e-02,6.2500000000000000e-02,c2f,1154:DIRECT:dst194:w1
xband_wall_r4,35,xband_wall,4,193,1,11,1,2,south_wall|west_iface|wall_level_corner,481,2,25,1,2,south_wall|west_iface|wall_level_corner,2.5000000000000000e-01,3.1250000000000000e-01,6.2500000000000000e-02,6.2500000000000000e-02,c2f,1154:DIRECT:dst194:w1
xband_wall_r4,36,xband_wall,4,193,1,11,1,2,south_wall|west_iface|wall_level_corner,482,2,26,1,2,south_wall,2.5000000000000000e-01,3.1250000000000000e-01,6.2500000000000000e-02,6.2500000000000000e-02,c2f,1154:DIRECT:dst194:w1
xband_wall_r4,37,xband_wall,4,194,1,12,1,2,south_wall|east_iface|wall_level_corner,486,2,28,1,2,south_wall,2.5000000000000000e-01,3.1250000000000000e-01,6.2500000000000000e-02,6.2500000000000000e-02,c2f,1163:SPLIT_FACE:dst481:w0.5|1164:SPLIT_FACE:dst483:w0.5
xband_wall_r4,38,xband_wall,4,194,1,12,1,2,south_wall|east_iface|wall_level_corner,487,2,27,2,2,bulk,2.5000000000000000e-01,1.8750000000000000e-01,-6.2500000000000000e-02,6.2500000000000000e-02,c2f,1163:SPLIT_FACE:dst481:w0.5|1164:SPLIT_FACE:dst483:w0.5
xband_wall_r4,39,xband_wall,4,194,1,12,1,2,south_wall|east_iface|wall_level_corner,488,2,28,2,2,bulk,2.5000000000000000e-01,1.8750000000000000e-01,-6.2500000000000000e-02,6.2500000000000000e-02,c2f,1163:SPLIT_FACE:dst481:w0.5|1164:SPLIT_FACE:dst483:w0.5
xband_wall_r4,40,xband_wall,4,194,1,12,1,2,south_wall|east_iface|wall_level_corner,485,2,27,1,2,south_wall,2.5000000000000000e-01,3.1250000000000000e-01,6.2500000000000000e-02,6.2500000000000000e-02,c2f,1163:SPLIT_FACE:dst481:w0.5|1164:SPLIT_FACE:dst483:w0.5
xband_wall_r4,41,xband_wall,4,194,1,12,1,6,south_wall|east_iface|wall_level_corner,550,2,28,5,6,bulk,2.5000000000000000e-01,3.1250000000000000e-01,6.2500000000000000e-02,6.2500000000000000e-02,c2f,1168:SPLIT_CORNER:dst483:w0.5|1169:SPLIT_CORNER:dst513:w0.5
xband_wall_r4,42,xband_wall,4,194,1,12,1,6,south_wall|east_iface|wall_level_corner,552,2,28,6,6,bulk,2.5000000000000000e-01,1.8750000000000000e-01,-6.2500000000000000e-02,6.2500000000000000e-02,c2f,1168:SPLIT_CORNER:dst483:w0.5|1169:SPLIT_CORNER:dst513:w0.5
xband_wall_r4,43,xband_wall,4,194,1,12,1,6,south_wall|east_iface|wall_level_corner,551,2,27,6,6,bulk,2.5000000000000000e-01,1.8750000000000000e-01,-6.2500000000000000e-02,6.2500000000000000e-02,c2f,1168:SPLIT_CORNER:dst483:w0.5|1169:SPLIT_CORNER:dst513:w0.5
xband_wall_r4,44,xband_wall,4,194,1,12,1,6,south_wall|east_iface|wall_level_corner,549,2,27,5,6,bulk,2.5000000000000000e-01,3.1250000000000000e-01,6.2500000000000000e-02,6.2500000000000000e-02,c2f,1168:SPLIT_CORNER:dst483:w0.5|1169:SPLIT_CORNER:dst513:w0.5
xband_wall_r4,45,xband_wall,4,213,1,21,1,4,south_wall|west_iface|wall_level_corner,506,2,38,1,4,south_wall,2.5000000000000000e-01,3.1250000000000000e-01,6.2500000000000000e-02,6.2500000000000000e-02,c2f,1198:SPLIT_FACE:dst510:w0.5|1199:SPLIT_FACE:dst512:w0.5
xband_wall_r4,46,xband_wall,4,213,1,21,1,4,south_wall|west_iface|wall_level_corner,505,2,37,1,4,south_wall,2.5000000000000000e-01,3.1250000000000000e-01,6.2500000000000000e-02,6.2500000000000000e-02,c2f,1198:SPLIT_FACE:dst510:w0.5|1199:SPLIT_FACE:dst512:w0.5
xband_wall_r4,47,xband_wall,4,213,1,21,1,4,south_wall|west_iface|wall_level_corner,507,2,37,2,4,bulk,2.5000000000000000e-01,1.8750000000000000e-01,-6.2500000000000000e-02,6.2500000000000000e-02,c2f,1198:SPLIT_FACE:dst510:w0.5|1199:SPLIT_FACE:dst512:w0.5
xband_wall_r4,48,xband_wall,4,213,1,21,1,4,south_wall|west_iface|wall_level_corner,508,2,38,2,4,bulk,2.5000000000000000e-01,1.8750000000000000e-01,-6.2500000000000000e-02,6.2500000000000000e-02,c2f,1198:SPLIT_FACE:dst510:w0.5|1199:SPLIT_FACE:dst512:w0.5
xband_wall_r4,49,xband_wall,4,213,1,21,1,7,south_wall|west_iface|wall_level_corner,571,2,37,6,7,bulk,2.5000000000000000e-01,1.8750000000000000e-01,-6.2500000000000000e-02,6.2500000000000000e-02,c2f,1202:SPLIT_CORNER:dst512:w0.5|1203:SPLIT_CORNER:dst542:w0.5
xband_wall_r4,50,xband_wall,4,213,1,21,1,7,south_wall|west_iface|wall_level_corner,569,2,37,5,7,bulk,2.5000000000000000e-01,3.1250000000000000e-01,6.2500000000000000e-02,6.2500000000000000e-02,c2f,1202:SPLIT_CORNER:dst512:w0.5|1203:SPLIT_CORNER:dst542:w0.5
xband_wall_r4,51,xband_wall,4,213,1,21,1,7,south_wall|west_iface|wall_level_corner,570,2,38,5,7,bulk,2.5000000000000000e-01,3.1250000000000000e-01,6.2500000000000000e-02,6.2500000000000000e-02,c2f,1202:SPLIT_CORNER:dst512:w0.5|1203:SPLIT_CORNER:dst542:w0.5
xband_wall_r4,52,xband_wall,4,213,1,21,1,7,south_wall|west_iface|wall_level_corner,572,2,38,6,7,bulk,2.5000000000000000e-01,1.8750000000000000e-01,-6.2500000000000000e-02,6.2500000000000000e-02,c2f,1202:SPLIT_CORNER:dst512:w0.5|1203:SPLIT_CORNER:dst542:w0.5
xband_wall_r4,53,xband_wall,4,214,1,22,1,4,south_wall|east_iface|wall_level_corner,509,2,39,1,4,south_wall,2.5000000000000000e-01,3.1250000000000000e-01,6.2500000000000000e-02,6.2500000000000000e-02,c2f,1210:DIRECT:dst213:w1
xband_wall_r4,54,xband_wall,4,214,1,22,1,4,south_wall|east_iface|wall_level_corner,510,2,40,1,4,south_wall|east_iface|wall_level_corner,2.5000000000000000e-01,3.1250000000000000e-01,6.2500000000000000e-02,6.2500000000000000e-02,c2f,1210:DIRECT:dst213:w1
xband_wall_r4,55,xband_wall,4,214,1,22,1,4,south_wall|east_iface|wall_level_corner,512,2,40,2,4,east_iface,2.5000000000000000e-01,1.8750000000000000e-01,-6.2500000000000000e-02,6.2500000000000000e-02,c2f,1210:DIRECT:dst213:w1
xband_wall_r4,56,xband_wall,4,214,1,22,1,4,south_wall|east_iface|wall_level_corner,511,2,39,2,4,bulk,2.5000000000000000e-01,1.8750000000000000e-01,-6.2500000000000000e-02,6.2500000000000000e-02,c2f,1210:DIRECT:dst213:w1
xband_wall_r4,57,xband_wall,4,459,1,11,24,2,north_wall|west_iface|wall_level_corner,1220,2,26,48,2,north_wall,2.5000000000000000e-01,3.1250000000000000e-01,6.2500000000000000e-02,6.2500000000000000e-02,c2f,2099:DIRECT:dst460:w1
xband_wall_r4,58,xband_wall,4,459,1,11,24,2,north_wall|west_iface|wall_level_corner,1219,2,25,48,2,north_wall|west_iface|wall_level_corner,2.5000000000000000e-01,3.1250000000000000e-01,6.2500000000000000e-02,6.2500000000000000e-02,c2f,2099:DIRECT:dst460:w1
xband_wall_r4,59,xband_wall,4,459,1,11,24,2,north_wall|west_iface|wall_level_corner,1217,2,25,47,2,west_iface,2.5000000000000000e-01,1.8750000000000000e-01,-6.2500000000000000e-02,6.2500000000000000e-02,c2f,2099:DIRECT:dst460:w1
xband_wall_r4,60,xband_wall,4,459,1,11,24,2,north_wall|west_iface|wall_level_corner,1218,2,26,47,2,bulk,2.5000000000000000e-01,1.8750000000000000e-01,-6.2500000000000000e-02,6.2500000000000000e-02,c2f,2099:DIRECT:dst460:w1
xband_wall_r4,61,xband_wall,4,460,1,12,24,2,north_wall|east_iface|wall_level_corner,1224,2,28,48,2,north_wall,2.5000000000000000e-01,3.1250000000000000e-01,6.2500000000000000e-02,6.2500000000000000e-02,c2f,2108:SPLIT_FACE:dst1217:w0.5|2109:SPLIT_FACE:dst1219:w0.5
xband_wall_r4,62,xband_wall,4,460,1,12,24,2,north_wall|east_iface|wall_level_corner,1222,2,28,47,2,bulk,2.5000000000000000e-01,1.8750000000000000e-01,-6.2500000000000000e-02,6.2500000000000000e-02,c2f,2108:SPLIT_FACE:dst1217:w0.5|2109:SPLIT_FACE:dst1219:w0.5
xband_wall_r4,63,xband_wall,4,460,1,12,24,2,north_wall|east_iface|wall_level_corner,1223,2,27,48,2,north_wall,2.5000000000000000e-01,3.1250000000000000e-01,6.2500000000000000e-02,6.2500000000000000e-02,c2f,2108:SPLIT_FACE:dst1217:w0.5|2109:SPLIT_FACE:dst1219:w0.5
xband_wall_r4,64,xband_wall,4,460,1,12,24,2,north_wall|east_iface|wall_level_corner,1221,2,27,47,2,bulk,2.5000000000000000e-01,1.8750000000000000e-01,-6.2500000000000000e-02,6.2500000000000000e-02,c2f,2108:SPLIT_FACE:dst1217:w0.5|2109:SPLIT_FACE:dst1219:w0.5
xband_wall_r4,65,xband_wall,4,460,1,12,24,9,north_wall|east_iface|wall_level_corner,1157,2,27,43,9,bulk,2.5000000000000000e-01,1.8750000000000000e-01,-6.2500000000000000e-02,6.2500000000000000e-02,c2f,2117:SPLIT_CORNER:dst1187:w0.5|2118:SPLIT_CORNER:dst1217:w0.5
xband_wall_r4,66,xband_wall,4,460,1,12,24,9,north_wall|east_iface|wall_level_corner,1158,2,28,43,9,bulk,2.5000000000000000e-01,1.8750000000000000e-01,-6.2500000000000000e-02,6.2500000000000000e-02,c2f,2117:SPLIT_CORNER:dst1187:w0.5|2118:SPLIT_CORNER:dst1217:w0.5
xband_wall_r4,67,xband_wall,4,460,1,12,24,9,north_wall|east_iface|wall_level_corner,1159,2,27,44,9,bulk,2.5000000000000000e-01,3.1250000000000000e-01,6.2500000000000000e-02,6.2500000000000000e-02,c2f,2117:SPLIT_CORNER:dst1187:w0.5|2118:SPLIT_CORNER:dst1217:w0.5
xband_wall_r4,68,xband_wall,4,460,1,12,24,9,north_wall|east_iface|wall_level_corner,1160,2,28,44,9,bulk,2.5000000000000000e-01,3.1250000000000000e-01,6.2500000000000000e-02,6.2500000000000000e-02,c2f,2117:SPLIT_CORNER:dst1187:w0.5|2118:SPLIT_CORNER:dst1217:w0.5
xband_wall_r4,69,xband_wall,4,479,1,21,24,4,north_wall|west_iface|wall_level_corner,1243,2,37,48,4,north_wall,2.5000000000000000e-01,3.1250000000000000e-01,6.2500000000000000e-02,6.2500000000000000e-02,c2f,2143:SPLIT_FACE:dst1246:w0.5|2144:SPLIT_FACE:dst1248:w0.5
xband_wall_r4,70,xband_wall,4,479,1,21,24,4,north_wall|west_iface|wall_level_corner,1244,2,38,48,4,north_wall,2.5000000000000000e-01,3.1250000000000000e-01,6.2500000000000000e-02,6.2500000000000000e-02,c2f,2143:SPLIT_FACE:dst1246:w0.5|2144:SPLIT_FACE:dst1248:w0.5
xband_wall_r4,71,xband_wall,4,479,1,21,24,4,north_wall|west_iface|wall_level_corner,1242,2,38,47,4,bulk,2.5000000000000000e-01,1.8750000000000000e-01,-6.2500000000000000e-02,6.2500000000000000e-02,c2f,2143:SPLIT_FACE:dst1246:w0.5|2144:SPLIT_FACE:dst1248:w0.5
xband_wall_r4,72,xband_wall,4,479,1,21,24,4,north_wall|west_iface|wall_level_corner,1241,2,37,47,4,bulk,2.5000000000000000e-01,1.8750000000000000e-01,-6.2500000000000000e-02,6.2500000000000000e-02,c2f,2143:SPLIT_FACE:dst1246:w0.5|2144:SPLIT_FACE:dst1248:w0.5
xband_wall_r4,73,xband_wall,4,479,1,21,24,8,north_wall|west_iface|wall_level_corner,1179,2,37,44,8,bulk,2.5000000000000000e-01,3.1250000000000000e-01,6.2500000000000000e-02,6.2500000000000000e-02,c2f,2149:SPLIT_CORNER:dst1216:w0.5|2150:SPLIT_CORNER:dst1246:w0.5
xband_wall_r4,74,xband_wall,4,479,1,21,24,8,north_wall|west_iface|wall_level_corner,1180,2,38,44,8,bulk,2.5000000000000000e-01,3.1250000000000000e-01,6.2500000000000000e-02,6.2500000000000000e-02,c2f,2149:SPLIT_CORNER:dst1216:w0.5|2150:SPLIT_CORNER:dst1246:w0.5
xband_wall_r4,75,xband_wall,4,479,1,21,24,8,north_wall|west_iface|wall_level_corner,1177,2,37,43,8,bulk,2.5000000000000000e-01,1.8750000000000000e-01,-6.2500000000000000e-02,6.2500000000000000e-02,c2f,2149:SPLIT_CORNER:dst1216:w0.5|2150:SPLIT_CORNER:dst1246:w0.5
xband_wall_r4,76,xband_wall,4,479,1,21,24,8,north_wall|west_iface|wall_level_corner,1178,2,38,43,8,bulk,2.5000000000000000e-01,1.8750000000000000e-01,-6.2500000000000000e-02,6.2500000000000000e-02,c2f,2149:SPLIT_CORNER:dst1216:w0.5|2150:SPLIT_CORNER:dst1246:w0.5
xband_wall_r4,77,xband_wall,4,480,1,22,24,4,north_wall|east_iface|wall_level_corner,1248,2,40,48,4,north_wall|east_iface|wall_level_corner,2.5000000000000000e-01,3.1250000000000000e-01,6.2500000000000000e-02,6.2500000000000000e-02,c2f,2155:DIRECT:dst479:w1
xband_wall_r4,78,xband_wall,4,480,1,22,24,4,north_wall|east_iface|wall_level_corner,1245,2,39,47,4,bulk,2.5000000000000000e-01,1.8750000000000000e-01,-6.2500000000000000e-02,6.2500000000000000e-02,c2f,2155:DIRECT:dst479:w1
xband_wall_r4,79,xband_wall,4,480,1,22,24,4,north_wall|east_iface|wall_level_corner,1246,2,40,47,4,east_iface,2.5000000000000000e-01,1.8750000000000000e-01,-6.2500000000000000e-02,6.2500000000000000e-02,c2f,2155:DIRECT:dst479:w1
xband_wall_r4,80,xband_wall,4,480,1,22,24,4,north_wall|east_iface|wall_level_corner,1247,2,39,48,4,north_wall,2.5000000000000000e-01,3.1250000000000000e-01,6.2500000000000000e-02,6.2500000000000000e-02,c2f,2155:DIRECT:dst479:w1
xband_h_r4,1,xband_h,4,1481,2,21,11,6,bulk,1601,2,25,15,6,west_iface,1.0000000000000000e+00,2.5000000000000000e-01,-7.5000000000000000e-01,7.5000000000000000e-01,same_level_interface,7938:DIRECT:dst1484:w1
xband_h_r4,2,xband_h,4,1482,2,22,11,6,bulk,1602,2,26,15,6,bulk,1.0000000000000000e+00,2.5000000000000000e-01,-7.5000000000000000e-01,7.5000000000000000e-01,same_level_interface,7947:DIRECT:dst1487:w1
xband_h_r4,3,xband_h,4,1483,2,21,12,6,north_iface,1603,2,25,16,6,west_iface,1.0000000000000000e+00,2.5000000000000000e-01,-7.5000000000000000e-01,7.5000000000000000e-01,same_level_interface,7956:COALESCE_CORNER:dst405:w1
xband_h_r4,4,xband_h,4,1484,2,22,12,6,north_iface,1604,2,26,16,6,bulk,1.0000000000000000e+00,2.5000000000000000e-01,-7.5000000000000000e-01,7.5000000000000000e-01,same_level_interface,7965:COALESCE_CORNER:dst406:w1
xband_h_r4,5,xband_h,4,1525,2,43,11,7,bulk,1629,2,39,15,7,bulk,1.0000000000000000e+00,2.5000000000000000e-01,-7.5000000000000000e-01,7.5000000000000000e-01,same_level_interface,8335:DIRECT:dst1524:w1
xband_h_r4,6,xband_h,4,1526,2,44,11,7,bulk,1630,2,40,15,7,east_iface,1.0000000000000000e+00,2.5000000000000000e-01,-7.5000000000000000e-01,7.5000000000000000e-01,same_level_interface,8344:DIRECT:dst1527:w1
xband_h_r4,7,xband_h,4,1527,2,43,12,7,north_iface,1631,2,39,16,7,bulk,1.0000000000000000e+00,2.5000000000000000e-01,-7.5000000000000000e-01,7.5000000000000000e-01,same_level_interface,8353:COALESCE_CORNER:dst425:w1
xband_h_r4,8,xband_h,4,1528,2,44,12,7,north_iface,1632,2,40,16,7,east_iface,1.0000000000000000e+00,2.5000000000000000e-01,-7.5000000000000000e-01,7.5000000000000000e-01,same_level_interface,8362:COALESCE_CORNER:dst426:w1
xband_h_r4,9,xband_h,4,1601,2,25,15,8,west_iface,1481,2,21,11,8,bulk,1.0000000000000000e+00,2.5000000000000000e-01,-7.5000000000000000e-01,7.5000000000000000e-01,same_level_interface,9020:COALESCE_CORNER:dst406:w1
xband_h_r4,10,xband_h,4,1602,2,26,15,8,bulk,1482,2,22,11,8,bulk,1.0000000000000000e+00,2.5000000000000000e-01,-7.5000000000000000e-01,7.5000000000000000e-01,same_level_interface,9029:DIRECT:dst1571:w1
xband_h_r4,11,xband_h,4,1603,2,25,16,8,west_iface,1483,2,21,12,8,north_iface,1.0000000000000000e+00,2.5000000000000000e-01,-7.5000000000000000e-01,7.5000000000000000e-01,same_level_interface,9038:COALESCE_CORNER:dst408:w1
xband_h_r4,12,xband_h,4,1604,2,26,16,8,bulk,1484,2,22,12,8,north_iface,1.0000000000000000e+00,2.5000000000000000e-01,-7.5000000000000000e-01,7.5000000000000000e-01,same_level_interface,9047:DIRECT:dst1601:w1
xband_h_r4,13,xband_h,4,1629,2,39,15,9,bulk,1525,2,43,11,9,bulk,1.0000000000000000e+00,2.5000000000000000e-01,-7.5000000000000000e-01,7.5000000000000000e-01,same_level_interface,9273:DIRECT:dst1600:w1
xband_h_r4,14,xband_h,4,1630,2,40,15,9,east_iface,1526,2,44,11,9,bulk,1.0000000000000000e+00,2.5000000000000000e-01,-7.5000000000000000e-01,7.5000000000000000e-01,same_level_interface,9282:COALESCE_CORNER:dst425:w1
xband_h_r4,15,xband_h,4,1631,2,39,16,9,bulk,1527,2,43,12,9,north_iface,1.0000000000000000e+00,2.5000000000000000e-01,-7.5000000000000000e-01,7.5000000000000000e-01,same_level_interface,9291:DIRECT:dst1630:w1
xband_h_r4,16,xband_h,4,1632,2,40,16,9,east_iface,1528,2,44,12,9,north_iface,1.0000000000000000e+00,2.5000000000000000e-01,-7.5000000000000000e-01,7.5000000000000000e-01,same_level_interface,9300:COALESCE_CORNER:dst427:w1
xband_h_r4,17,xband_h,4,1889,2,25,33,7,west_iface,2145,2,21,37,7,south_iface,1.0000000000000000e+00,2.5000000000000000e-01,-7.5000000000000000e-01,7.5000000000000000e-01,same_level_interface,11611:COALESCE_CORNER:dst546:w1
xband_h_r4,18,xband_h,4,1890,2,26,33,7,bulk,2146,2,22,37,7,south_iface,1.0000000000000000e+00,2.5000000000000000e-01,-7.5000000000000000e-01,7.5000000000000000e-01,same_level_interface,11620:DIRECT:dst1891:w1
xband_h_r4,19,xband_h,4,1891,2,25,34,7,west_iface,2147,2,21,38,7,bulk,1.0000000000000000e+00,2.5000000000000000e-01,-7.5000000000000000e-01,7.5000000000000000e-01,same_level_interface,11629:COALESCE_CORNER:dst548:w1
xband_h_r4,20,xband_h,4,1892,2,26,34,7,bulk,2148,2,22,38,7,bulk,1.0000000000000000e+00,2.5000000000000000e-01,-7.5000000000000000e-01,7.5000000000000000e-01,same_level_interface,11638:DIRECT:dst1921:w1
xband_h_r4,21,xband_h,4,1917,2,39,33,6,bulk,2197,2,43,37,6,south_iface,1.0000000000000000e+00,2.5000000000000000e-01,-7.5000000000000000e-01,7.5000000000000000e-01,same_level_interface,11862:DIRECT:dst1920:w1
xband_h_r4,22,xband_h,4,1918,2,40,33,6,east_iface,2198,2,44,37,6,south_iface,1.0000000000000000e+00,2.5000000000000000e-01,-7.5000000000000000e-01,7.5000000000000000e-01,same_level_interface,11871:COALESCE_CORNER:dst565:w1
xband_h_r4,23,xband_h,4,1919,2,39,34,6,bulk,2199,2,43,38,6,bulk,1.0000000000000000e+00,2.5000000000000000e-01,-7.5000000000000000e-01,7.5000000000000000e-01,same_level_interface,11880:DIRECT:dst1950:w1
xband_h_r4,24,xband_h,4,1920,2,40,34,6,east_iface,2200,2,44,38,6,bulk,1.0000000000000000e+00,2.5000000000000000e-01,-7.5000000000000000e-01,7.5000000000000000e-01,same_level_interface,11889:COALESCE_CORNER:dst567:w1
xband_h_r4,25,xband_h,4,2145,2,21,37,9,south_iface,1889,2,25,33,9,west_iface,1.0000000000000000e+00,2.5000000000000000e-01,-7.5000000000000000e-01,7.5000000000000000e-01,same_level_interface,13917:COALESCE_CORNER:dst547:w1
xband_h_r4,26,xband_h,4,2146,2,22,37,9,south_iface,1890,2,26,33,9,bulk,1.0000000000000000e+00,2.5000000000000000e-01,-7.5000000000000000e-01,7.5000000000000000e-01,same_level_interface,13926:COALESCE_CORNER:dst548:w1
xband_h_r4,27,xband_h,4,2147,2,21,38,9,bulk,1891,2,25,34,9,west_iface,1.0000000000000000e+00,2.5000000000000000e-01,-7.5000000000000000e-01,7.5000000000000000e-01,same_level_interface,13935:DIRECT:dst2146:w1
xband_h_r4,28,xband_h,4,2148,2,22,38,9,bulk,1892,2,26,34,9,bulk,1.0000000000000000e+00,2.5000000000000000e-01,-7.5000000000000000e-01,7.5000000000000000e-01,same_level_interface,13944:DIRECT:dst2149:w1
xband_h_r4,29,xband_h,4,2197,2,43,37,8,south_iface,1917,2,39,33,8,bulk,1.0000000000000000e+00,2.5000000000000000e-01,-7.5000000000000000e-01,7.5000000000000000e-01,same_level_interface,14384:COALESCE_CORNER:dst567:w1
xband_h_r4,30,xband_h,4,2198,2,44,37,8,south_iface,1918,2,40,33,8,east_iface,1.0000000000000000e+00,2.5000000000000000e-01,-7.5000000000000000e-01,7.5000000000000000e-01,same_level_interface,14393:COALESCE_CORNER:dst568:w1
xband_h_r4,31,xband_h,4,2199,2,43,38,8,bulk,1919,2,39,34,8,bulk,1.0000000000000000e+00,2.5000000000000000e-01,-7.5000000000000000e-01,7.5000000000000000e-01,same_level_interface,14402:DIRECT:dst2194:w1
xband_h_r4,32,xband_h,4,2200,2,44,38,8,bulk,1920,2,40,34,8,east_iface,1.0000000000000000e+00,2.5000000000000000e-01,-7.5000000000000000e-01,7.5000000000000000e-01,same_level_interface,14411:DIRECT:dst2197:w1
xband_h_r4,33,xband_h,4,1481,2,21,11,6,bulk,1602,2,26,15,6,bulk,0.0000000000000000e+00,2.5000000000000000e-01,2.5000000000000000e-01,2.5000000000000000e-01,amr_only,7938:DIRECT:dst1484:w1
xband_h_r4,34,xband_h,4,1481,2,21,11,6,bulk,1603,2,25,16,6,west_iface,0.0000000000000000e+00,2.5000000000000000e-01,2.5000000000000000e-01,2.5000000000000000e-01,amr_only,7938:DIRECT:dst1484:w1
xband_h_r4,35,xband_h,4,1481,2,21,11,6,bulk,1604,2,26,16,6,bulk,0.0000000000000000e+00,2.5000000000000000e-01,2.5000000000000000e-01,2.5000000000000000e-01,amr_only,7938:DIRECT:dst1484:w1
xband_h_r4,36,xband_h,4,1482,2,22,11,6,bulk,1601,2,25,15,6,west_iface,0.0000000000000000e+00,2.5000000000000000e-01,2.5000000000000000e-01,2.5000000000000000e-01,amr_only,7947:DIRECT:dst1487:w1
xband_h_r4,37,xband_h,4,1482,2,22,11,6,bulk,1603,2,25,16,6,west_iface,0.0000000000000000e+00,2.5000000000000000e-01,2.5000000000000000e-01,2.5000000000000000e-01,amr_only,7947:DIRECT:dst1487:w1
xband_h_r4,38,xband_h,4,1482,2,22,11,6,bulk,1604,2,26,16,6,bulk,0.0000000000000000e+00,2.5000000000000000e-01,2.5000000000000000e-01,2.5000000000000000e-01,amr_only,7947:DIRECT:dst1487:w1
xband_h_r4,39,xband_h,4,1483,2,21,12,6,north_iface,1601,2,25,15,6,west_iface,0.0000000000000000e+00,2.5000000000000000e-01,2.5000000000000000e-01,2.5000000000000000e-01,amr_only,7956:COALESCE_CORNER:dst405:w1
xband_h_r4,40,xband_h,4,1483,2,21,12,6,north_iface,1602,2,26,15,6,bulk,0.0000000000000000e+00,2.5000000000000000e-01,2.5000000000000000e-01,2.5000000000000000e-01,amr_only,7956:COALESCE_CORNER:dst405:w1
xband_h_r4,41,xband_h,4,1483,2,21,12,6,north_iface,1604,2,26,16,6,bulk,0.0000000000000000e+00,2.5000000000000000e-01,2.5000000000000000e-01,2.5000000000000000e-01,amr_only,7956:COALESCE_CORNER:dst405:w1
xband_h_r4,42,xband_h,4,1484,2,22,12,6,north_iface,1601,2,25,15,6,west_iface,0.0000000000000000e+00,2.5000000000000000e-01,2.5000000000000000e-01,2.5000000000000000e-01,amr_only,7965:COALESCE_CORNER:dst406:w1
xband_h_r4,43,xband_h,4,1484,2,22,12,6,north_iface,1602,2,26,15,6,bulk,0.0000000000000000e+00,2.5000000000000000e-01,2.5000000000000000e-01,2.5000000000000000e-01,amr_only,7965:COALESCE_CORNER:dst406:w1
xband_h_r4,44,xband_h,4,1484,2,22,12,6,north_iface,1603,2,25,16,6,west_iface,0.0000000000000000e+00,2.5000000000000000e-01,2.5000000000000000e-01,2.5000000000000000e-01,amr_only,7965:COALESCE_CORNER:dst406:w1
xband_h_r4,45,xband_h,4,1525,2,43,11,7,bulk,1630,2,40,15,7,east_iface,0.0000000000000000e+00,2.5000000000000000e-01,2.5000000000000000e-01,2.5000000000000000e-01,amr_only,8335:DIRECT:dst1524:w1
xband_h_r4,46,xband_h,4,1525,2,43,11,7,bulk,1631,2,39,16,7,bulk,0.0000000000000000e+00,2.5000000000000000e-01,2.5000000000000000e-01,2.5000000000000000e-01,amr_only,8335:DIRECT:dst1524:w1
xband_h_r4,47,xband_h,4,1525,2,43,11,7,bulk,1632,2,40,16,7,east_iface,0.0000000000000000e+00,2.5000000000000000e-01,2.5000000000000000e-01,2.5000000000000000e-01,amr_only,8335:DIRECT:dst1524:w1
xband_h_r4,48,xband_h,4,1526,2,44,11,7,bulk,1629,2,39,15,7,bulk,0.0000000000000000e+00,2.5000000000000000e-01,2.5000000000000000e-01,2.5000000000000000e-01,amr_only,8344:DIRECT:dst1527:w1
xband_h_r4,49,xband_h,4,1526,2,44,11,7,bulk,1631,2,39,16,7,bulk,0.0000000000000000e+00,2.5000000000000000e-01,2.5000000000000000e-01,2.5000000000000000e-01,amr_only,8344:DIRECT:dst1527:w1
xband_h_r4,50,xband_h,4,1526,2,44,11,7,bulk,1632,2,40,16,7,east_iface,0.0000000000000000e+00,2.5000000000000000e-01,2.5000000000000000e-01,2.5000000000000000e-01,amr_only,8344:DIRECT:dst1527:w1
xband_h_r4,51,xband_h,4,1527,2,43,12,7,north_iface,1629,2,39,15,7,bulk,0.0000000000000000e+00,2.5000000000000000e-01,2.5000000000000000e-01,2.5000000000000000e-01,amr_only,8353:COALESCE_CORNER:dst425:w1
xband_h_r4,52,xband_h,4,1527,2,43,12,7,north_iface,1630,2,40,15,7,east_iface,0.0000000000000000e+00,2.5000000000000000e-01,2.5000000000000000e-01,2.5000000000000000e-01,amr_only,8353:COALESCE_CORNER:dst425:w1
xband_h_r4,53,xband_h,4,1527,2,43,12,7,north_iface,1632,2,40,16,7,east_iface,0.0000000000000000e+00,2.5000000000000000e-01,2.5000000000000000e-01,2.5000000000000000e-01,amr_only,8353:COALESCE_CORNER:dst425:w1
xband_h_r4,54,xband_h,4,1528,2,44,12,7,north_iface,1629,2,39,15,7,bulk,0.0000000000000000e+00,2.5000000000000000e-01,2.5000000000000000e-01,2.5000000000000000e-01,amr_only,8362:COALESCE_CORNER:dst426:w1
xband_h_r4,55,xband_h,4,1528,2,44,12,7,north_iface,1630,2,40,15,7,east_iface,0.0000000000000000e+00,2.5000000000000000e-01,2.5000000000000000e-01,2.5000000000000000e-01,amr_only,8362:COALESCE_CORNER:dst426:w1
xband_h_r4,56,xband_h,4,1528,2,44,12,7,north_iface,1631,2,39,16,7,bulk,0.0000000000000000e+00,2.5000000000000000e-01,2.5000000000000000e-01,2.5000000000000000e-01,amr_only,8362:COALESCE_CORNER:dst426:w1
xband_h_r4,57,xband_h,4,1601,2,25,15,8,west_iface,1482,2,22,11,8,bulk,0.0000000000000000e+00,2.5000000000000000e-01,2.5000000000000000e-01,2.5000000000000000e-01,amr_only,9020:COALESCE_CORNER:dst406:w1
xband_h_r4,58,xband_h,4,1601,2,25,15,8,west_iface,1483,2,21,12,8,north_iface,0.0000000000000000e+00,2.5000000000000000e-01,2.5000000000000000e-01,2.5000000000000000e-01,amr_only,9020:COALESCE_CORNER:dst406:w1
xband_h_r4,59,xband_h,4,1601,2,25,15,8,west_iface,1484,2,22,12,8,north_iface,0.0000000000000000e+00,2.5000000000000000e-01,2.5000000000000000e-01,2.5000000000000000e-01,amr_only,9020:COALESCE_CORNER:dst406:w1
xband_h_r4,60,xband_h,4,1602,2,26,15,8,bulk,1481,2,21,11,8,bulk,0.0000000000000000e+00,2.5000000000000000e-01,2.5000000000000000e-01,2.5000000000000000e-01,amr_only,9029:DIRECT:dst1571:w1
xband_h_r4,61,xband_h,4,1602,2,26,15,8,bulk,1483,2,21,12,8,north_iface,0.0000000000000000e+00,2.5000000000000000e-01,2.5000000000000000e-01,2.5000000000000000e-01,amr_only,9029:DIRECT:dst1571:w1
xband_h_r4,62,xband_h,4,1602,2,26,15,8,bulk,1484,2,22,12,8,north_iface,0.0000000000000000e+00,2.5000000000000000e-01,2.5000000000000000e-01,2.5000000000000000e-01,amr_only,9029:DIRECT:dst1571:w1
xband_h_r4,63,xband_h,4,1603,2,25,16,8,west_iface,1481,2,21,11,8,bulk,0.0000000000000000e+00,2.5000000000000000e-01,2.5000000000000000e-01,2.5000000000000000e-01,amr_only,9038:COALESCE_CORNER:dst408:w1
xband_h_r4,64,xband_h,4,1603,2,25,16,8,west_iface,1482,2,22,11,8,bulk,0.0000000000000000e+00,2.5000000000000000e-01,2.5000000000000000e-01,2.5000000000000000e-01,amr_only,9038:COALESCE_CORNER:dst408:w1
xband_h_r4,65,xband_h,4,1603,2,25,16,8,west_iface,1484,2,22,12,8,north_iface,0.0000000000000000e+00,2.5000000000000000e-01,2.5000000000000000e-01,2.5000000000000000e-01,amr_only,9038:COALESCE_CORNER:dst408:w1
xband_h_r4,66,xband_h,4,1604,2,26,16,8,bulk,1481,2,21,11,8,bulk,0.0000000000000000e+00,2.5000000000000000e-01,2.5000000000000000e-01,2.5000000000000000e-01,amr_only,9047:DIRECT:dst1601:w1
xband_h_r4,67,xband_h,4,1604,2,26,16,8,bulk,1482,2,22,11,8,bulk,0.0000000000000000e+00,2.5000000000000000e-01,2.5000000000000000e-01,2.5000000000000000e-01,amr_only,9047:DIRECT:dst1601:w1
xband_h_r4,68,xband_h,4,1604,2,26,16,8,bulk,1483,2,21,12,8,north_iface,0.0000000000000000e+00,2.5000000000000000e-01,2.5000000000000000e-01,2.5000000000000000e-01,amr_only,9047:DIRECT:dst1601:w1
xband_h_r4,69,xband_h,4,1629,2,39,15,9,bulk,1526,2,44,11,9,bulk,0.0000000000000000e+00,2.5000000000000000e-01,2.5000000000000000e-01,2.5000000000000000e-01,amr_only,9273:DIRECT:dst1600:w1
xband_h_r4,70,xband_h,4,1629,2,39,15,9,bulk,1527,2,43,12,9,north_iface,0.0000000000000000e+00,2.5000000000000000e-01,2.5000000000000000e-01,2.5000000000000000e-01,amr_only,9273:DIRECT:dst1600:w1
xband_h_r4,71,xband_h,4,1629,2,39,15,9,bulk,1528,2,44,12,9,north_iface,0.0000000000000000e+00,2.5000000000000000e-01,2.5000000000000000e-01,2.5000000000000000e-01,amr_only,9273:DIRECT:dst1600:w1
xband_h_r4,72,xband_h,4,1630,2,40,15,9,east_iface,1525,2,43,11,9,bulk,0.0000000000000000e+00,2.5000000000000000e-01,2.5000000000000000e-01,2.5000000000000000e-01,amr_only,9282:COALESCE_CORNER:dst425:w1
xband_h_r4,73,xband_h,4,1630,2,40,15,9,east_iface,1527,2,43,12,9,north_iface,0.0000000000000000e+00,2.5000000000000000e-01,2.5000000000000000e-01,2.5000000000000000e-01,amr_only,9282:COALESCE_CORNER:dst425:w1
xband_h_r4,74,xband_h,4,1630,2,40,15,9,east_iface,1528,2,44,12,9,north_iface,0.0000000000000000e+00,2.5000000000000000e-01,2.5000000000000000e-01,2.5000000000000000e-01,amr_only,9282:COALESCE_CORNER:dst425:w1
xband_h_r4,75,xband_h,4,1631,2,39,16,9,bulk,1525,2,43,11,9,bulk,0.0000000000000000e+00,2.5000000000000000e-01,2.5000000000000000e-01,2.5000000000000000e-01,amr_only,9291:DIRECT:dst1630:w1
xband_h_r4,76,xband_h,4,1631,2,39,16,9,bulk,1526,2,44,11,9,bulk,0.0000000000000000e+00,2.5000000000000000e-01,2.5000000000000000e-01,2.5000000000000000e-01,amr_only,9291:DIRECT:dst1630:w1
xband_h_r4,77,xband_h,4,1631,2,39,16,9,bulk,1528,2,44,12,9,north_iface,0.0000000000000000e+00,2.5000000000000000e-01,2.5000000000000000e-01,2.5000000000000000e-01,amr_only,9291:DIRECT:dst1630:w1
xband_h_r4,78,xband_h,4,1632,2,40,16,9,east_iface,1525,2,43,11,9,bulk,0.0000000000000000e+00,2.5000000000000000e-01,2.5000000000000000e-01,2.5000000000000000e-01,amr_only,9300:COALESCE_CORNER:dst427:w1
xband_h_r4,79,xband_h,4,1632,2,40,16,9,east_iface,1526,2,44,11,9,bulk,0.0000000000000000e+00,2.5000000000000000e-01,2.5000000000000000e-01,2.5000000000000000e-01,amr_only,9300:COALESCE_CORNER:dst427:w1
xband_h_r4,80,xband_h,4,1632,2,40,16,9,east_iface,1527,2,43,12,9,north_iface,0.0000000000000000e+00,2.5000000000000000e-01,2.5000000000000000e-01,2.5000000000000000e-01,amr_only,9300:COALESCE_CORNER:dst427:w1
xband_h_r4,81,xband_h,4,1889,2,25,33,7,west_iface,2146,2,22,37,7,south_iface,0.0000000000000000e+00,2.5000000000000000e-01,2.5000000000000000e-01,2.5000000000000000e-01,amr_only,11611:COALESCE_CORNER:dst546:w1
xband_h_r4,82,xband_h,4,1889,2,25,33,7,west_iface,2147,2,21,38,7,bulk,0.0000000000000000e+00,2.5000000000000000e-01,2.5000000000000000e-01,2.5000000000000000e-01,amr_only,11611:COALESCE_CORNER:dst546:w1
xband_h_r4,83,xband_h,4,1889,2,25,33,7,west_iface,2148,2,22,38,7,bulk,0.0000000000000000e+00,2.5000000000000000e-01,2.5000000000000000e-01,2.5000000000000000e-01,amr_only,11611:COALESCE_CORNER:dst546:w1
xband_h_r4,84,xband_h,4,1890,2,26,33,7,bulk,2145,2,21,37,7,south_iface,0.0000000000000000e+00,2.5000000000000000e-01,2.5000000000000000e-01,2.5000000000000000e-01,amr_only,11620:DIRECT:dst1891:w1
xband_h_r4,85,xband_h,4,1890,2,26,33,7,bulk,2147,2,21,38,7,bulk,0.0000000000000000e+00,2.5000000000000000e-01,2.5000000000000000e-01,2.5000000000000000e-01,amr_only,11620:DIRECT:dst1891:w1
xband_h_r4,86,xband_h,4,1890,2,26,33,7,bulk,2148,2,22,38,7,bulk,0.0000000000000000e+00,2.5000000000000000e-01,2.5000000000000000e-01,2.5000000000000000e-01,amr_only,11620:DIRECT:dst1891:w1
xband_h_r4,87,xband_h,4,1891,2,25,34,7,west_iface,2145,2,21,37,7,south_iface,0.0000000000000000e+00,2.5000000000000000e-01,2.5000000000000000e-01,2.5000000000000000e-01,amr_only,11629:COALESCE_CORNER:dst548:w1
xband_h_r4,88,xband_h,4,1891,2,25,34,7,west_iface,2146,2,22,37,7,south_iface,0.0000000000000000e+00,2.5000000000000000e-01,2.5000000000000000e-01,2.5000000000000000e-01,amr_only,11629:COALESCE_CORNER:dst548:w1
xband_h_r4,89,xband_h,4,1891,2,25,34,7,west_iface,2148,2,22,38,7,bulk,0.0000000000000000e+00,2.5000000000000000e-01,2.5000000000000000e-01,2.5000000000000000e-01,amr_only,11629:COALESCE_CORNER:dst548:w1
xband_h_r4,90,xband_h,4,1892,2,26,34,7,bulk,2145,2,21,37,7,south_iface,0.0000000000000000e+00,2.5000000000000000e-01,2.5000000000000000e-01,2.5000000000000000e-01,amr_only,11638:DIRECT:dst1921:w1
xband_h_r4,91,xband_h,4,1892,2,26,34,7,bulk,2146,2,22,37,7,south_iface,0.0000000000000000e+00,2.5000000000000000e-01,2.5000000000000000e-01,2.5000000000000000e-01,amr_only,11638:DIRECT:dst1921:w1
xband_h_r4,92,xband_h,4,1892,2,26,34,7,bulk,2147,2,21,38,7,bulk,0.0000000000000000e+00,2.5000000000000000e-01,2.5000000000000000e-01,2.5000000000000000e-01,amr_only,11638:DIRECT:dst1921:w1
xband_h_r4,93,xband_h,4,1917,2,39,33,6,bulk,2198,2,44,37,6,south_iface,0.0000000000000000e+00,2.5000000000000000e-01,2.5000000000000000e-01,2.5000000000000000e-01,amr_only,11862:DIRECT:dst1920:w1
xband_h_r4,94,xband_h,4,1917,2,39,33,6,bulk,2199,2,43,38,6,bulk,0.0000000000000000e+00,2.5000000000000000e-01,2.5000000000000000e-01,2.5000000000000000e-01,amr_only,11862:DIRECT:dst1920:w1
xband_h_r4,95,xband_h,4,1917,2,39,33,6,bulk,2200,2,44,38,6,bulk,0.0000000000000000e+00,2.5000000000000000e-01,2.5000000000000000e-01,2.5000000000000000e-01,amr_only,11862:DIRECT:dst1920:w1
xband_h_r4,96,xband_h,4,1918,2,40,33,6,east_iface,2197,2,43,37,6,south_iface,0.0000000000000000e+00,2.5000000000000000e-01,2.5000000000000000e-01,2.5000000000000000e-01,amr_only,11871:COALESCE_CORNER:dst565:w1
xband_h_r4,97,xband_h,4,1918,2,40,33,6,east_iface,2199,2,43,38,6,bulk,0.0000000000000000e+00,2.5000000000000000e-01,2.5000000000000000e-01,2.5000000000000000e-01,amr_only,11871:COALESCE_CORNER:dst565:w1
xband_h_r4,98,xband_h,4,1918,2,40,33,6,east_iface,2200,2,44,38,6,bulk,0.0000000000000000e+00,2.5000000000000000e-01,2.5000000000000000e-01,2.5000000000000000e-01,amr_only,11871:COALESCE_CORNER:dst565:w1
xband_h_r4,99,xband_h,4,1919,2,39,34,6,bulk,2197,2,43,37,6,south_iface,0.0000000000000000e+00,2.5000000000000000e-01,2.5000000000000000e-01,2.5000000000000000e-01,amr_only,11880:DIRECT:dst1950:w1
xband_h_r4,100,xband_h,4,1919,2,39,34,6,bulk,2198,2,44,37,6,south_iface,0.0000000000000000e+00,2.5000000000000000e-01,2.5000000000000000e-01,2.5000000000000000e-01,amr_only,11880:DIRECT:dst1950:w1
xband_h_r4,101,xband_h,4,1919,2,39,34,6,bulk,2200,2,44,38,6,bulk,0.0000000000000000e+00,2.5000000000000000e-01,2.5000000000000000e-01,2.5000000000000000e-01,amr_only,11880:DIRECT:dst1950:w1
xband_h_r4,102,xband_h,4,1920,2,40,34,6,east_iface,2197,2,43,37,6,south_iface,0.0000000000000000e+00,2.5000000000000000e-01,2.5000000000000000e-01,2.5000000000000000e-01,amr_only,11889:COALESCE_CORNER:dst567:w1
xband_h_r4,103,xband_h,4,1920,2,40,34,6,east_iface,2198,2,44,37,6,south_iface,0.0000000000000000e+00,2.5000000000000000e-01,2.5000000000000000e-01,2.5000000000000000e-01,amr_only,11889:COALESCE_CORNER:dst567:w1
xband_h_r4,104,xband_h,4,1920,2,40,34,6,east_iface,2199,2,43,38,6,bulk,0.0000000000000000e+00,2.5000000000000000e-01,2.5000000000000000e-01,2.5000000000000000e-01,amr_only,11889:COALESCE_CORNER:dst567:w1
xband_h_r4,105,xband_h,4,2145,2,21,37,9,south_iface,1890,2,26,33,9,bulk,0.0000000000000000e+00,2.5000000000000000e-01,2.5000000000000000e-01,2.5000000000000000e-01,amr_only,13917:COALESCE_CORNER:dst547:w1
xband_h_r4,106,xband_h,4,2145,2,21,37,9,south_iface,1891,2,25,34,9,west_iface,0.0000000000000000e+00,2.5000000000000000e-01,2.5000000000000000e-01,2.5000000000000000e-01,amr_only,13917:COALESCE_CORNER:dst547:w1
xband_h_r4,107,xband_h,4,2145,2,21,37,9,south_iface,1892,2,26,34,9,bulk,0.0000000000000000e+00,2.5000000000000000e-01,2.5000000000000000e-01,2.5000000000000000e-01,amr_only,13917:COALESCE_CORNER:dst547:w1
xband_h_r4,108,xband_h,4,2146,2,22,37,9,south_iface,1889,2,25,33,9,west_iface,0.0000000000000000e+00,2.5000000000000000e-01,2.5000000000000000e-01,2.5000000000000000e-01,amr_only,13926:COALESCE_CORNER:dst548:w1
xband_h_r4,109,xband_h,4,2146,2,22,37,9,south_iface,1891,2,25,34,9,west_iface,0.0000000000000000e+00,2.5000000000000000e-01,2.5000000000000000e-01,2.5000000000000000e-01,amr_only,13926:COALESCE_CORNER:dst548:w1
xband_h_r4,110,xband_h,4,2146,2,22,37,9,south_iface,1892,2,26,34,9,bulk,0.0000000000000000e+00,2.5000000000000000e-01,2.5000000000000000e-01,2.5000000000000000e-01,amr_only,13926:COALESCE_CORNER:dst548:w1
xband_h_r4,111,xband_h,4,2147,2,21,38,9,bulk,1889,2,25,33,9,west_iface,0.0000000000000000e+00,2.5000000000000000e-01,2.5000000000000000e-01,2.5000000000000000e-01,amr_only,13935:DIRECT:dst2146:w1
xband_h_r4,112,xband_h,4,2147,2,21,38,9,bulk,1890,2,26,33,9,bulk,0.0000000000000000e+00,2.5000000000000000e-01,2.5000000000000000e-01,2.5000000000000000e-01,amr_only,13935:DIRECT:dst2146:w1
xband_h_r4,113,xband_h,4,2147,2,21,38,9,bulk,1892,2,26,34,9,bulk,0.0000000000000000e+00,2.5000000000000000e-01,2.5000000000000000e-01,2.5000000000000000e-01,amr_only,13935:DIRECT:dst2146:w1
xband_h_r4,114,xband_h,4,2148,2,22,38,9,bulk,1889,2,25,33,9,west_iface,0.0000000000000000e+00,2.5000000000000000e-01,2.5000000000000000e-01,2.5000000000000000e-01,amr_only,13944:DIRECT:dst2149:w1
xband_h_r4,115,xband_h,4,2148,2,22,38,9,bulk,1890,2,26,33,9,bulk,0.0000000000000000e+00,2.5000000000000000e-01,2.5000000000000000e-01,2.5000000000000000e-01,amr_only,13944:DIRECT:dst2149:w1
xband_h_r4,116,xband_h,4,2148,2,22,38,9,bulk,1891,2,25,34,9,west_iface,0.0000000000000000e+00,2.5000000000000000e-01,2.5000000000000000e-01,2.5000000000000000e-01,amr_only,13944:DIRECT:dst2149:w1
xband_h_r4,117,xband_h,4,2197,2,43,37,8,south_iface,1918,2,40,33,8,east_iface,0.0000000000000000e+00,2.5000000000000000e-01,2.5000000000000000e-01,2.5000000000000000e-01,amr_only,14384:COALESCE_CORNER:dst567:w1
xband_h_r4,118,xband_h,4,2197,2,43,37,8,south_iface,1919,2,39,34,8,bulk,0.0000000000000000e+00,2.5000000000000000e-01,2.5000000000000000e-01,2.5000000000000000e-01,amr_only,14384:COALESCE_CORNER:dst567:w1
xband_h_r4,119,xband_h,4,2197,2,43,37,8,south_iface,1920,2,40,34,8,east_iface,0.0000000000000000e+00,2.5000000000000000e-01,2.5000000000000000e-01,2.5000000000000000e-01,amr_only,14384:COALESCE_CORNER:dst567:w1
xband_h_r4,120,xband_h,4,2198,2,44,37,8,south_iface,1917,2,39,33,8,bulk,0.0000000000000000e+00,2.5000000000000000e-01,2.5000000000000000e-01,2.5000000000000000e-01,amr_only,14393:COALESCE_CORNER:dst568:w1
xband_h_r4,121,xband_h,4,2198,2,44,37,8,south_iface,1919,2,39,34,8,bulk,0.0000000000000000e+00,2.5000000000000000e-01,2.5000000000000000e-01,2.5000000000000000e-01,amr_only,14393:COALESCE_CORNER:dst568:w1
xband_h_r4,122,xband_h,4,2198,2,44,37,8,south_iface,1920,2,40,34,8,east_iface,0.0000000000000000e+00,2.5000000000000000e-01,2.5000000000000000e-01,2.5000000000000000e-01,amr_only,14393:COALESCE_CORNER:dst568:w1
xband_h_r4,123,xband_h,4,2199,2,43,38,8,bulk,1917,2,39,33,8,bulk,0.0000000000000000e+00,2.5000000000000000e-01,2.5000000000000000e-01,2.5000000000000000e-01,amr_only,14402:DIRECT:dst2194:w1
xband_h_r4,124,xband_h,4,2199,2,43,38,8,bulk,1918,2,40,33,8,east_iface,0.0000000000000000e+00,2.5000000000000000e-01,2.5000000000000000e-01,2.5000000000000000e-01,amr_only,14402:DIRECT:dst2194:w1
xband_h_r4,125,xband_h,4,2199,2,43,38,8,bulk,1920,2,40,34,8,east_iface,0.0000000000000000e+00,2.5000000000000000e-01,2.5000000000000000e-01,2.5000000000000000e-01,amr_only,14402:DIRECT:dst2194:w1
xband_h_r4,126,xband_h,4,2200,2,44,38,8,bulk,1917,2,39,33,8,bulk,0.0000000000000000e+00,2.5000000000000000e-01,2.5000000000000000e-01,2.5000000000000000e-01,amr_only,14411:DIRECT:dst2197:w1
xband_h_r4,127,xband_h,4,2200,2,44,38,8,bulk,1918,2,40,33,8,east_iface,0.0000000000000000e+00,2.5000000000000000e-01,2.5000000000000000e-01,2.5000000000000000e-01,amr_only,14411:DIRECT:dst2197:w1
xband_h_r4,128,xband_h,4,2200,2,44,38,8,bulk,1919,2,39,34,8,bulk,0.0000000000000000e+00,2.5000000000000000e-01,2.5000000000000000e-01,2.5000000000000000e-01,amr_only,14411:DIRECT:dst2197:w1
