wi,n,beta,max_u,max_p,max_tauxx,max_tauxy,max_tauyy,max_psixx,max_N1,avg_u,avg_p,avg_tauxx,avg_tauxy,avg_tauyy,avg_psixx,avg_N1,min_det_C,first_nonfinite_step,R2_psi_xx_stag_vs_analytic,R2_centerline_u,R2_centerline_p,R2_centerline_tauxx,R2_centerline_tauxy,convergence_p,status
0.1,32,0.59,1,0.02363359812,0.9897015233,0.03524200526,0.9897015233,0.2162322153,1.663161232,0.6771225633,0.008346182728,0.3245492418,0.01473106465,0.3245492418,0.07831068915,0.6490984835,1,-1,0.997729761,1,-39.36007632,0.9920832868,0.9930445517,-0.4473725789,FAIL
0.1,64,0.59,1,0.008223457791,0.9982887813,0.03759472435,0.9982887813,0.2179179766,1.675325019,0.6774290696,0.002900778472,0.3277228957,0.0152874077,0.3277228957,0.07905362907,0.6554457913,1,-1,0.9994450002,1,-20.90203723,0.9993631818,0.9994761718,-0.4473725789,FAIL
0.1,96,0.59,1,0.07754927069,0.9999055533,0.03789328763,0.9999055533,0.2182350469,1.677607785,0.6774599274,0.0293692153,0.3288746855,0.0154395096,0.3288746855,0.07932569669,0.6577493711,1,-1,0.9996350492,0.9999999522,-8.079338163,0.9999427371,0.9999599244,-0.4473725789,FAIL
0.1,128,0.59,1,0.03764999525,1.000473519,0.03816131523,1.000473519,0.2183464087,1.678409126,0.6774674411,0.01369487184,0.3293531205,0.01550820336,0.3293531205,0.0794382696,0.658706241,1,-1,0.9996921355,NaN,NaN,NaN,NaN,-0.4473725789,FAIL
0.1,32,0.8,1,0.02058611352,0.4827812309,0.01719122208,0.4827812309,0.2162322153,0.811298162,0.6771225633,0.007771950464,0.1583167033,0.007185885195,0.1583167033,0.07831068915,0.3166334066,1,-1,0.997729761,1,-2.556138759,0.9920832868,0.9930445517,-1.468477959,FAIL
0.1,64,0.8,1,0.03107258367,0.4869701372,0.01833888992,0.4869701372,0.2179179766,0.8172317165,0.6774290696,0.01153511763,0.1598648272,0.007457272049,0.1598648272,0.07905362907,0.3197296543,1,-1,0.9994450002,1,-3.222082568,0.9993631818,0.9994761718,-1.468477959,FAIL
0.1,96,0.8,1,0.1110969743,0.4877588065,0.01848453055,0.4877588065,0.2182350469,0.8183452609,0.6774599274,0.04311899796,0.1604266759,0.007531468096,0.1604266759,0.07932569669,0.3208533518,1,-1,0.9996350492,0.9999999522,-2.426313794,0.9999427371,0.9999599244,-1.468477959,FAIL
0.1,128,0.8,1,0.0126713121,0.4880358632,0.01861527572,0.4880358632,0.2183464087,0.818736159,0.6774674411,0.004669233435,0.1606600588,0.00756497725,0.1606600588,0.0794382696,0.3213201175,1,-1,0.9996921355,NaN,NaN,NaN,NaN,-1.468477959,FAIL
0.1,32,0.9,1,0.02669154052,0.2413906154,0.008595611038,0.2413906154,0.2162322153,0.405649081,0.6771225633,0.01041120938,0.07915835165,0.003592942597,0.07915835165,0.07831068915,0.1583167033,1,-1,0.997729761,1,0.6948550626,0.9920832868,0.9930445517,-2.279532849,FAIL
0.1,64,0.9,1,0.04839016077,0.2434850686,0.009169444962,0.2434850686,0.2179179766,0.4086158583,0.6774290696,0.0185115243,0.07993241358,0.003728636024,0.07993241358,0.07905362907,0.1598648272,1,-1,0.9994450002,1,-0.1667983975,0.9993631818,0.9994761718,-2.279532849,FAIL
0.1,96,0.9,1,0.1286204181,0.2438794032,0.009242265275,0.2438794032,0.2182350469,0.4091726305,0.6774599274,0.05029509242,0.08021333794,0.003765734048,0.08021333794,0.07932569669,0.1604266759,1,-1,0.9996350492,0.9999999522,-1.394547622,0.9999427371,0.9999599244,-2.279532849,FAIL
0.1,128,0.9,1,0.02917933896,0.2440179316,0.009307637862,0.2440179316,0.2183464087,0.4093680795,0.6774674411,0.01067004771,0.08033002939,0.003782488625,0.08033002939,0.0794382696,0.1606600588,1,-1,0.9996921355,NaN,NaN,NaN,NaN,-2.279532849,FAIL
0.3,32,0.59,1,0.05927928698,1.655973514,0.09242067494,1.655973514,0.7937559964,2.161454325,0.6771225633,0.01713663981,0.3351238154,0.03822136898,0.3351238154,0.2230414603,0.6701039417,1,-1,0.9897772632,1,-447.821401,0.9790362414,0.9805102784,0.2292045194,FAIL
0.3,64,0.59,1,0.03731604143,1.730487769,0.09998941405,1.730487769,0.818109081,2.239174883,0.6774290696,0.01146580458,0.3449805547,0.04114556148,0.3449805547,0.2283269637,0.6898772677,1,-1,0.9987491688,1,-74.42835661,0.9975207259,0.9981348122,0.2292045194,FAIL
0.3,96,0.59,1,0.1071559406,1.748030224,0.1025704664,1.748030224,0.823757156,2.257317367,0.6774599274,0.03630004738,0.3481952142,0.04203350111,0.3481952142,0.230034635,0.6961049459,1,-1,0.9995220307,0.9999999522,-39.08022123,0.999529069,0.9998163909,0.2292045194,FAIL
0.3,128,0.59,1,0.2310783088,1.755996159,0.1036357948,1.755996159,0.8263114224,2.265910558,0.6774674411,0.08589011994,0.3497470216,0.04240672494,0.3497470216,0.2308579297,0.6993374547,1,-1,0.9997646799,NaN,NaN,NaN,NaN,0.2292045194,FAIL
0.3,32,0.8,1,0.03751336759,0.8077919579,0.04508325607,0.8077919579,0.7937559964,1.054367963,0.6771225633,0.01157464293,0.1634750319,0.01864457023,0.1634750319,0.2230414603,0.3268799716,1,-1,0.9897772632,1,-1893.451701,0.9790362414,0.9805102784,0.4123984908,FAIL
0.3,64,0.8,1,0.04618051986,0.8441403752,0.04877532392,0.8441403752,0.818109081,1.092280431,0.6774290696,0.01512026773,0.1682831974,0.0200710056,0.1682831974,0.2283269637,0.3365254965,1,-1,0.9987491688,1,-1186.204248,0.9975207259,0.9981348122,0.4123984908,FAIL
0.3,96,0.8,1,0.1253307408,0.8526976701,0.05003437384,0.8526976701,0.823757156,1.101130423,0.6774599274,0.04592093113,0.169851324,0.02050414688,0.169851324,0.230034635,0.3395633883,1,-1,0.9995220307,0.9999999522,-6.054150203,0.999529069,0.9998163909,0.4123984908,FAIL
0.3,128,0.8,1,0.248181127,0.856583492,0.05055404624,0.856583492,0.8263114224,1.105322223,0.6774674411,0.09582759527,0.1706083032,0.02068620729,0.1706083032,0.2308579297,0.3411402218,1,-1,0.9997646799,NaN,NaN,NaN,NaN,0.4123984908,FAIL
0.3,32,0.9,1,0.03497999478,0.403895979,0.02254162803,0.403895979,0.7937559964,0.5271839817,0.6771225633,0.01198478089,0.08173751595,0.009322285116,0.08173751595,0.2230414603,0.1634399858,1,-1,0.9897772632,1,-406.8991251,0.9790362414,0.9805102784,0.4648370091,FAIL
0.3,64,0.9,1,0.0558480354,0.4220701876,0.02438766196,0.4220701876,0.818109081,0.5461402154,0.6774290696,0.02001548144,0.08414159871,0.0100355028,0.08414159871,0.2283269637,0.1682627482,1,-1,0.9987491688,1,-114.8564407,0.9975207259,0.9981348122,0.4648370091,FAIL
0.3,96,0.9,1,0.1356876855,0.4263488351,0.02501718692,0.4263488351,0.823757156,0.5505652114,0.6774599274,0.05154240839,0.08492566201,0.01025207344,0.08492566201,0.230034635,0.1697816941,1,-1,0.9995220307,0.9999999522,-3.136230456,0.999529069,0.9998163909,0.4648370091,FAIL
0.3,128,0.9,1,0.2584570996,0.428291746,0.02527702312,0.428291746,0.8263114224,0.5526611117,0.6774674411,0.1016271818,0.0853041516,0.01034310364,0.0853041516,0.2308579297,0.1705701109,1,-1,0.9997646799,NaN,NaN,NaN,NaN,0.4648370091,FAIL
0.5,32,0.59,1,0.1180077163,2.987565733,0.1363950649,2.987565733,1.535441008,3.391402178,0.6771225633,0.02668674903,0.3738115894,0.05469191863,0.3738115894,0.3531997622,0.7454728412,1,-1,NaN,1,0.830852044,0.9122698036,0.9728878592,-0.7600675292,FAIL
0.5,64,0.59,1,0.1173438787,3.566728598,0.1476065106,3.566728598,1.677034694,3.973721795,0.6774290696,0.02511330772,0.3977256568,0.06102494205,0.3977256568,0.3659574604,0.7933963711,1,-1,NaN,1,0.9468140621,0.9912366981,0.9977409275,-0.7600675292,FAIL
0.5,96,0.59,1,0.1721899336,3.782497809,0.1518753127,3.782497809,1.725050097,4.190372961,0.6774599274,0.04354428365,0.4056171231,0.06273562491,0.4056171231,0.3698391508,0.809008151,1,-1,NaN,0.9999999522,-1.712198971,0.9991557808,0.9998163081,-0.7600675292,FAIL
0.5,128,0.59,1,0.1302099094,3.887020443,0.1537821826,3.887020443,1.747506044,4.295092847,0.6774674411,0.02931590306,0.4095214715,0.06352274408,0.4095214715,0.3716541409,0.8168212824,1,-1,NaN,NaN,NaN,NaN,NaN,-0.7600675292,FAIL
0.5,32,0.8,1,0.06411950967,1.457349138,0.06653417798,1.457349138,1.535441008,1.654342526,0.6771225633,0.01550465425,0.1823471168,0.0266789847,0.1823471168,0.3531997622,0.3636452884,1,-1,NaN,1,-4.18282414,0.9122698036,0.9728878592,-0.2799072724,FAIL
0.5,64,0.8,1,0.07631262291,1.739867609,0.07200317591,1.739867609,1.677034694,1.938400875,0.6774290696,0.0186769829,0.1940125155,0.02976826442,0.1940125155,0.3659574604,0.38702262,1,-1,NaN,1,-1.575805727,0.9912366981,0.9977409275,-0.2799072724,FAIL
0.5,96,0.8,1,0.1376963914,1.845120883,0.07408551838,1.845120883,1.725050097,2.044084371,0.6774599274,0.04156438291,0.1978620113,0.03060274386,0.1978620113,0.3698391508,0.3946381224,1,-1,NaN,0.9999999522,-0.7408639544,0.9991557808,0.9998163081,-0.2799072724,FAIL
0.5,128,0.8,1,0.09978963099,1.896107533,0.07501569883,1.896107533,1.747506044,2.095167242,0.6774674411,0.02727512758,0.1997665715,0.03098670443,0.1997665715,0.3716541409,0.3984494061,1,-1,NaN,NaN,NaN,NaN,NaN,-0.2799072724,FAIL
0.5,32,0.9,1,0.04779752767,0.7286745691,0.03326708899,0.7286745691,1.535441008,0.827171263,0.6771225633,0.01354504366,0.09117355838,0.01333949235,0.09117355838,0.3531997622,0.1818226442,1,-1,NaN,1,-25.60772513,0.9122698036,0.9728878592,0.08746607062,FAIL
0.5,64,0.9,1,0.06423900694,0.8699338045,0.03600158795,0.8699338045,1.677034694,0.9692004377,0.6774290696,0.01903102028,0.09700625776,0.01488413221,0.09700625776,0.3659574604,0.19351131,1,-1,NaN,1,-3.166704535,0.9912366981,0.9977409275,0.08746607062,FAIL
0.5,96,0.9,1,0.127841139,0.9225604413,0.03704275919,0.9225604413,1.725050097,1.022042186,0.6774599274,0.04379818786,0.09893100564,0.01530137193,0.09893100564,0.3698391508,0.1973190612,1,-1,NaN,0.9999999522,0.3739997812,0.9991557808,0.9998163081,0.08746607062,FAIL
0.5,128,0.9,1,0.09138024213,0.9480537665,0.03750784942,0.9480537665,1.747506044,1.047583621,0.6774674411,0.02943782629,0.09988328574,0.01549335222,0.09988328574,0.3716541409,0.199224703,1,-1,NaN,NaN,NaN,NaN,NaN,0.08746607062,FAIL
1,32,0.59,1,0.2121481147,7.58978341,0.2391483703,7.58978341,2.971012587,7.854809929,0.6771225633,0.03836920496,0.5468628515,0.08031979505,0.5468628515,0.6112486454,1.077802814,1,-1,NaN,1,-5.253564382,-5.142291499,0.9881108642,1.030490396,FAIL
1,64,0.59,1,0.3750136502,15.14464209,0.2774634325,15.14464209,3.63595724,15.41496509,0.6774290696,0.056225027,0.6770197396,0.09757865245,0.6770197396,0.6446483404,1.333046353,1,-1,NaN,1,-0.02688514154,0.5079628099,0.9983351147,1.030490396,FAIL
1,96,0.59,1,0.503622825,22.15853478,0.2905520637,22.15853478,4.008154789,22.43000075,0.6774599274,0.06800649937,0.747651509,0.1042812981,0.747651509,0.657007064,1.472025044,1,-1,NaN,0.9999999522,0.8825397299,0.9485939983,0.9998357687,1.030490396,FAIL
1,128,0.59,1,0.6140888706,28.64613963,0.2969307474,28.64613963,4.260827927,28.91826082,0.6774674411,0.07677162642,0.7952974687,0.1079125059,0.7952974687,0.6639200836,1.566141254,1,-1,NaN,NaN,NaN,NaN,NaN,1.030490396,FAIL
1,32,0.8,1,0.1117978138,3.702333371,0.1166577416,3.702333371,2.971012587,3.831614599,0.6771225633,0.02207357049,0.2667623666,0.03918038783,0.2667623666,0.6112486454,0.5257574703,1,-1,NaN,1,-2.829197832,-5.142291499,0.9881108642,0.8615218906,FAIL
1,64,0.8,1,0.1909241549,7.387630286,0.1353480158,7.387630286,3.63595724,7.519495164,0.6774290696,0.03124129949,0.3302535315,0.04759934266,0.3302535315,0.6446483404,0.6502665138,1,-1,NaN,1,-0.2384696045,0.5079628099,0.9983351147,0.8615218906,FAIL
1,96,0.8,1,0.2569356043,10.80904136,0.141732714,10.80904136,4.008154789,10.94146378,0.6774599274,0.03832038309,0.3647080532,0.05086892591,0.3647080532,0.657007064,0.718060997,1,-1,NaN,0.9999999522,0.8337037963,0.9485939983,0.9998357687,0.8615218906,FAIL
1,128,0.8,1,0.3123325393,13.97372665,0.144844267,13.97372665,4.260827927,14.10646869,0.6774674411,0.04420953531,0.3879499847,0.05264024677,0.3879499847,0.6639200836,0.7639713432,1,-1,NaN,NaN,NaN,NaN,NaN,0.8615218906,FAIL
1,32,0.9,1,0.05700425037,1.851166685,0.05832887081,1.851166685,2.971012587,1.9158073,0.6771225633,0.01144433897,0.1333811833,0.01959019391,0.1333811833,0.6112486454,0.2628787351,1,-1,NaN,1,-3.77205962,-5.142291499,0.9881108642,0.5464252287,FAIL
1,64,0.9,1,0.09441856536,3.693815143,0.06767400792,3.693815143,3.63595724,3.759747582,0.6774290696,0.01506765071,0.1651267658,0.02379967133,0.1651267658,0.6446483404,0.3251332569,1,-1,NaN,1,-3.169659092,0.5079628099,0.9983351147,0.5464252287,FAIL
1,96,0.9,1,0.1290269999,5.404520679,0.070866357,5.404520679,4.008154789,5.470731891,0.6774599274,0.01943973668,0.1823540266,0.02543446296,0.1823540266,0.657007064,0.3590304985,1,-1,NaN,0.9999999522,0.4915153432,0.9485939983,0.9998357687,0.5464252287,FAIL
1,128,0.9,1,0.1591456354,6.986863323,0.07242213351,6.986863323,4.260827927,7.053234345,0.6774674411,0.02374132058,0.1939749924,0.02632012339,0.1939749924,0.6639200836,0.3819856716,1,-1,NaN,NaN,NaN,NaN,NaN,0.5464252287,FAIL
