case,topo,ratio,level,geom,count,sum_drho,sum_abs_drho,max_abs_drho,sum_dux,sum_abs_dux,max_abs_dux,sum_duy,sum_abs_duy,max_abs_duy,max_score
xband_h_r16,xband_h,16,0,east_iface,2,1.6296376936786316e-07,1.6296376936786316e-07,8.1481884683931582e-08,-1.6296401998153754e-07,1.6296401998153754e-07,8.1482009990768768e-08,6.9388939039072499e-18,6.9388939039072499e-18,3.4694469519536250e-18,8.1482009990768768e-08
xband_h_r16,xband_h,16,0,east_iface|north_iface|level_corner,1,4.2181482862169162e-08,4.2181482862169162e-08,4.2181482862169162e-08,-9.5679467780975329e-08,9.5679467780975329e-08,9.5679467780975329e-08,4.5884737905531672e-08,4.5884737905531672e-08,4.5884737905531672e-08,9.5679467780975329e-08
xband_h_r16,xband_h,16,0,east_iface|south_iface|level_corner,1,4.2181483084213767e-08,4.2181483084213767e-08,4.2181483084213767e-08,-9.5679467780975540e-08,9.5679467780975540e-08,9.5679467780975540e-08,-4.5884737895123318e-08,4.5884737895123318e-08,4.5884737895123318e-08,9.5679467780975540e-08
xband_h_r16,xband_h,16,0,north_iface,8,3.5527136788005009e-15,3.5527136788005009e-15,4.4408920985006262e-16,-3.7530865484858967e-07,3.7530865484858967e-07,4.6913581856073708e-08,-2.7478019859472691e-15,2.7478019859472691e-15,3.4347524824340869e-16,4.6913581856073708e-08
xband_h_r16,xband_h,16,0,south_iface,8,2.6645352591003757e-15,2.6645352591003757e-15,3.3306690738754696e-16,-3.7530865484858797e-07,3.7530865484858797e-07,4.6913581856073497e-08,2.8310687127941563e-15,2.8310687127941563e-15,3.5388358909926958e-16,4.6913581856073497e-08
xband_h_r16,xband_h,16,0,west_iface,2,-1.6296215599176378e-07,1.6296215599176378e-07,8.1481077995881890e-08,-1.6296191234701868e-07,1.6296191234701868e-07,8.1480956173509339e-08,6.9388939039072499e-18,6.9388939039072499e-18,3.4694469519536250e-18,8.1481077995881890e-08
xband_h_r16,xband_h,16,0,west_iface|north_iface|level_corner,1,-4.2180656856238841e-08,4.2180656856238841e-08,4.2180656856238841e-08,-9.5678560101957076e-08,9.5678560101957076e-08,9.5678560101957076e-08,-4.5884809382112662e-08,4.5884809382112662e-08,4.5884809382112662e-08,9.5678560101957076e-08
xband_h_r16,xband_h,16,0,west_iface|south_iface|level_corner,1,-4.2180656856238841e-08,4.2180656856238841e-08,4.2180656856238841e-08,-9.5678560101957076e-08,9.5678560101957076e-08,9.5678560101957076e-08,4.5884809392521003e-08,4.5884809392521003e-08,4.5884809392521003e-08,9.5678560101957076e-08
xband_h_r16,xband_h,16,1,bulk,4,-1.1990408665951691e-12,9.5373571040724414e-07,2.3843422736202768e-07,1.4684042278171009e-07,1.4684042278171009e-07,3.6710408092780032e-08,-1.3877787807814457e-17,3.8651120232196649e-07,9.6628081371990585e-08,2.3843422736202768e-07
xband_h_r16,xband_h,16,1,east_iface,18,-4.4183173175671442e-07,6.3512869302728703e-06,4.9308852700935546e-07,3.4910738398460885e-08,7.2313814673994977e-07,8.5677858517133118e-08,3.1225022567582528e-17,6.2843350750257714e-07,1.1934152584941444e-07,4.9308852700935546e-07
xband_h_r16,xband_h,16,1,east_iface|north_iface|level_corner,1,5.4397724436050510e-08,5.4397724436050510e-08,5.4397724436050510e-08,-1.2756467131026215e-07,1.2756467131026215e-07,1.2756467131026215e-07,9.1875066094856432e-09,9.1875066094856432e-09,9.1875066094856432e-09,1.2756467131026215e-07
xband_h_r16,xband_h,16,1,east_iface|south_iface|level_corner,1,5.4397724436050510e-08,5.4397724436050510e-08,5.4397724436050510e-08,-1.2756467129638436e-07,1.2756467129638436e-07,1.2756467129638436e-07,-9.1875065921384101e-09,9.1875065921384101e-09,9.1875065921384101e-09,1.2756467129638436e-07
xband_h_r16,xband_h,16,1,north_iface,42,-3.1319391524675666e-13,5.6515753088515197e-07,1.1934182098105595e-07,9.9690784399802071e-07,5.1989769494221949e-06,1.6979423917221134e-07,-1.5836284021548023e-13,3.2876111720142265e-07,6.6666758298524778e-08,1.6979423917221134e-07
xband_h_r16,xband_h,16,1,south_iface,42,-3.1152858070981893e-13,5.6515752877572822e-07,1.1934182098105595e-07,9.9690784403965111e-07,5.1989769488323788e-06,1.6979423915833334e-07,1.5920938528168308e-13,3.2876111768020638e-07,6.6666758298524778e-08,1.6979423915833334e-07
xband_h_r16,xband_h,16,1,west_iface,18,4.4182106206935856e-07,6.3512331104353947e-06,4.9308431215866477e-07,3.4878335647001829e-08,7.2314998513932047e-07,8.5680165148779458e-08,2.7755575615628914e-17,6.2843109343990499e-07,1.1934160170176210e-07,4.9308431215866477e-07
xband_h_r16,xband_h,16,1,west_iface|north_iface|level_corner,1,-5.4397453208565594e-08,5.4397453208565594e-08,5.4397453208565594e-08,-1.2756483610644301e-07,1.2756483610644301e-07,1.2756483610644301e-07,-9.1875465639946067e-09,9.1875465639946067e-09,9.1875465639946067e-09,1.2756483610644301e-07
xband_h_r16,xband_h,16,1,west_iface|south_iface|level_corner,1,-5.4397453208565594e-08,5.4397453208565594e-08,5.4397453208565594e-08,-1.2756483608909577e-07,1.2756483608909577e-07,1.2756483608909577e-07,9.1875465813418431e-09,9.1875465813418431e-09,9.1875465813418431e-09,1.2756483608909577e-07
xband_h_r16,xband_h,16,2,bulk,4,-7.6916251146030845e-13,6.2735568784333395e-07,1.5683911425146135e-07,-1.0931380768151525e-07,1.0931380768151525e-07,2.7328629989859349e-08,-2.4286115428785498e-17,2.3318612414278557e-07,5.8296652034698563e-08,1.5683911425146135e-07
xband_h_r16,xband_h,16,2,east_iface,50,2.7508688070776444e-06,1.3055222323088422e-05,3.2973552355208824e-07,4.1746982573388728e-07,2.1139942908465902e-06,1.0566470690612724e-07,-3.4000577482167459e-16,5.6566423883131309e-07,7.2758845864426428e-08,3.2973552355208824e-07
xband_h_r16,xband_h,16,2,east_iface|north_iface|level_corner,1,1.1885836825875629e-07,1.1885836825875629e-07,1.1885836825875629e-07,-5.6465708190122604e-08,5.6465708190122604e-08,5.6465708190122604e-08,5.8076443065709179e-08,5.8076443065709179e-08,5.8076443065709179e-08,1.1885836825875629e-07
xband_h_r16,xband_h,16,2,east_iface|south_iface|level_corner,1,1.1885836803671168e-07,1.1885836803671168e-07,1.1885836803671168e-07,-5.6465708238694438e-08,5.6465708238694438e-08,5.6465708238694438e-08,-5.8076443017136941e-08,5.8076443017136941e-08,5.8076443017136941e-08,1.1885836803671168e-07
xband_h_r16,xband_h,16,2,north_iface,98,-9.2115204353149238e-13,9.7995234649150831e-07,1.0957437435177297e-07,1.3960470700895734e-06,4.2929729584406407e-06,6.4124703365517039e-08,5.5277711693370014e-13,4.6493558718284473e-07,8.0570392533520132e-08,1.0957437435177297e-07
xband_h_r16,xband_h,16,2,south_iface,98,-9.3369756370975665e-13,9.7995234882297666e-07,1.0957437435177297e-07,1.3960470683687413e-06,4.2929729552348937e-06,6.4124703282250312e-08,-5.5810271804899308e-13,4.6493558361972281e-07,8.0570392599439637e-08,1.0957437435177297e-07
xband_h_r16,xband_h,16,2,west_iface,50,-2.7508960297462082e-06,1.3055186143806630e-05,3.2973530550428620e-07,4.1745494138950296e-07,2.1140128129513043e-06,1.0566574277254818e-07,-3.0531137147658745e-16,5.6566368771036220e-07,7.2758689726291941e-08,3.2973530550428620e-07
xband_h_r16,xband_h,16,2,west_iface|north_iface|level_corner,1,-1.1885814454881682e-07,1.1885814454881682e-07,1.1885814454881682e-07,-5.6465580911627557e-08,5.6465580911627557e-08,5.6465580911627557e-08,-5.8076515831228853e-08,5.8076515831228853e-08,5.8076515831228853e-08,1.1885814454881682e-07
xband_h_r16,xband_h,16,2,west_iface|south_iface|level_corner,1,-1.1885814432677222e-07,1.1885814432677222e-07,1.1885814432677222e-07,-5.6465580873463852e-08,5.6465580873463852e-08,5.6465580873463852e-08,5.8076515789595470e-08,5.8076515789595470e-08,5.8076515789595470e-08,1.1885814432677222e-07
xband_h_r16,xband_h,16,3,bulk,4,2.1072033007385471e-13,2.8719222755491103e-07,7.1798109790854880e-08,-6.4814380522668949e-08,6.4814380522668949e-08,1.6203680996655343e-08,-1.1102229584507075e-16,1.6703922331439513e-07,4.1759810634453562e-08,7.1798109790854880e-08
xband_h_r16,xband_h,16,3,east_iface,114,-9.0696723598071571e-07,2.3877878291500565e-05,2.4895435613014882e-07,6.9843663465319597e-06,7.3143489103872433e-06,1.0041277877188683e-07,-1.1796120960131268e-16,9.7349486708784578e-07,6.4706657146623863e-08,2.4895435613014882e-07
xband_h_r16,xband_h,16,3,east_iface|north_iface|level_corner,1,5.1436995662790252e-08,5.1436995662790252e-08,5.1436995662790252e-08,-1.5165375501537050e-08,1.5165375501537050e-08,1.5165375501537050e-08,4.1167094315636237e-08,4.1167094315636237e-08,4.1167094315636237e-08,5.1436995662790252e-08
xband_h_r16,xband_h,16,3,east_iface|south_iface|level_corner,1,5.1436995884834857e-08,5.1436995884834857e-08,5.1436995884834857e-08,-1.5165375518884708e-08,1.5165375518884708e-08,1.5165375518884708e-08,-4.1167094301758443e-08,4.1167094301758443e-08,4.1167094301758443e-08,5.1436995884834857e-08
xband_h_r16,xband_h,16,3,north_iface,210,-7.1165295878472534e-13,1.4477851615346538e-06,1.0311290965514530e-07,4.1136425902220438e-07,1.3697507488630311e-06,4.2661728540400358e-08,5.9964977958186372e-13,7.7443059696985079e-07,6.3868615671177797e-08,1.0311290965514530e-07
xband_h_r16,xband_h,16,3,south_iface,210,-7.0787820050099981e-13,1.4477851613126091e-06,1.0311290965514530e-07,4.1136426509374417e-07,1.3697507482802136e-06,4.2661728582033721e-08,-6.0608560363428081e-13,7.7443059705658696e-07,6.3868615553216588e-08,1.0311290965514530e-07
xband_h_r16,xband_h,16,3,west_iface,114,9.0698982446735243e-07,2.3877801749283556e-05,2.4895373262889819e-07,6.9843145388344759e-06,7.3143016894843996e-06,1.0041238217861082e-07,-1.6653356619033679e-16,9.7349515648418042e-07,6.4706877047863677e-08,2.4895373262889819e-07
xband_h_r16,xband_h,16,3,west_iface|north_iface|level_corner,1,-5.1436938819371392e-08,5.1436938819371392e-08,5.1436938819371392e-08,-1.5165309465627696e-08,1.5165309465627696e-08,1.5165309465627696e-08,-4.1167135312919210e-08,4.1167135312919210e-08,4.1167135312919210e-08,5.1436938819371392e-08
xband_h_r16,xband_h,16,3,west_iface|south_iface|level_corner,1,-5.1436939152438299e-08,5.1436939152438299e-08,5.1436939152438299e-08,-1.5165309365013099e-08,1.5165309365013099e-08,1.5165309365013099e-08,4.1167135364960934e-08,4.1167135364960934e-08,4.1167135364960934e-08,5.1436939152438299e-08
xband_h_r16,xband_h,16,4,bulk,9512,3.3445857194891460e-10,2.0494356755362819e-04,1.5449418577784257e-07,1.3216614751198027e-04,1.3352627177122645e-04,1.1383168999490557e-07,8.4997981649470731e-14,1.3361601469608961e-05,3.8664272474221251e-08,1.5449418577784257e-07
xband_h_r16,xband_h,16,4,east_iface,120,-1.6689445473061504e-05,1.6689445473061504e-05,1.5951275489367589e-07,6.8626347841453857e-06,6.9157644039208608e-06,6.8366465087350760e-08,-4.8919206654757390e-16,8.0875592392480664e-07,4.7215948509707794e-08,1.5951275489367589e-07
xband_h_r16,xband_h,16,4,north_iface,216,-8.4521278864713167e-13,1.2095184366289757e-06,6.4428982260444911e-08,3.7669170612049568e-06,3.7822515056754748e-06,2.5889619342704207e-08,1.1873549371628617e-12,7.0222972417201827e-07,4.6786209385301341e-08,6.4428982260444911e-08
xband_h_r16,xband_h,16,4,south_iface,216,-8.4154905266586866e-13,1.2095184334093290e-06,6.4428981927378004e-08,3.7669170583669450e-06,3.7822515025390905e-06,2.5889619283722973e-08,-1.1998796406483010e-12,7.0222973262359083e-07,4.6786209374892987e-08,6.4428981927378004e-08
xband_h_r16,xband_h,16,4,west_iface,120,1.6689442926098863e-05,1.6689442926098863e-05,1.5951286325144309e-07,6.8626294525215960e-06,6.9157609168473303e-06,6.8366483507881084e-08,-1.0061393513687521e-16,8.0875923923278217e-07,4.7216040784431763e-08,1.5951286325144309e-07
xband_h_r2,xband_h,2,0,east_iface,2,3.3333336979524120e-08,3.3333336979524120e-08,1.6666668489762060e-08,-3.3333343409824820e-08,3.3333343409824820e-08,1.6666671704912410e-08,-6.9388939039072268e-18,6.9388939039072268e-18,3.4694469519536134e-18,1.6666671704912410e-08
xband_h_r2,xband_h,2,0,east_iface|north_iface|level_corner,1,1.1168983959919387e-08,1.1168983959919387e-08,1.1168983959919387e-08,-1.8576393316115836e-08,1.8576393316115836e-08,1.8576393316115836e-08,5.9606471661645505e-09,5.9606471661645505e-09,5.9606471661645505e-09,1.8576393316115836e-08
xband_h_r2,xband_h,2,0,east_iface|south_iface|level_corner,1,1.1168983959919387e-08,1.1168983959919387e-08,1.1168983959919387e-08,-1.8576393298768601e-08,1.8576393298768601e-08,1.8576393298768601e-08,-5.9606471904506792e-09,5.9606471904506792e-09,5.9606471904506792e-09,1.8576393298768601e-08
xband_h_r2,xband_h,2,0,north_iface,8,0.0000000000000000e+00,0.0000000000000000e+00,0.0000000000000000e+00,-5.5555555988906491e-08,5.5555555988906491e-08,6.9444444986133114e-09,2.7755575615628910e-17,2.7755575615628910e-17,3.4694469519536134e-18,6.9444444986133114e-09
xband_h_r2,xband_h,2,0,south_iface,8,0.0000000000000000e+00,0.0000000000000000e+00,0.0000000000000000e+00,-5.5555555988906491e-08,5.5555555988906491e-08,6.9444444986133114e-09,-1.9428902930940237e-16,1.9428902930940237e-16,2.4286128663675296e-17,6.9444444986133114e-09
xband_h_r2,xband_h,2,0,west_iface,2,-3.3333329430007552e-08,3.3333329430007552e-08,1.6666664715003776e-08,-3.3333323485430431e-08,3.3333323485430431e-08,1.6666661742715216e-08,-1.3877787923462673e-17,1.3877787923462673e-17,6.9388939617313367e-18,1.6666664715003776e-08
xband_h_r2,xband_h,2,0,west_iface|north_iface|level_corner,1,-1.1168978963915777e-08,1.1168978963915777e-08,1.1168978963915777e-08,-1.8576384562381315e-08,1.8576384562381315e-08,1.8576384562381315e-08,-5.9606491173034912e-09,5.9606491173034912e-09,5.9606491173034912e-09,1.8576384562381315e-08
xband_h_r2,xband_h,2,0,west_iface|south_iface|level_corner,1,-1.1168979074938079e-08,1.1168979074938079e-08,1.1168979074938079e-08,-1.8576384562381289e-08,1.8576384562381289e-08,1.8576384562381289e-08,5.9606490895479156e-09,5.9606490895479156e-09,5.9606490895479156e-09,1.8576384562381289e-08
xband_h_r2,xband_h,2,1,bulk,72,2.6978419498391304e-13,6.4166666802201178e-07,3.3333351190378835e-08,6.5277777748500290e-07,6.5277777748500290e-07,3.3333343197490839e-08,6.6266437361340460e-16,1.3425925995610908e-07,7.4074100729287639e-09,3.3333351190378835e-08
xband_h_r2,xband_h,2,1,east_iface,8,-2.2083349993096135e-07,2.2083349993096135e-07,3.3333354965137119e-08,-1.6203615484525858e-08,1.7129673540340608e-08,8.3333222562166166e-09,-3.1225020913221303e-17,3.8425929069411819e-08,1.2037035680306393e-08,3.3333354965137119e-08
xband_h_r2,xband_h,2,1,north_iface,20,4.4408920985006262e-16,3.5648151985867571e-08,1.2037040364454299e-08,1.9398148080537723e-07,1.9768518463511292e-07,1.1111111076350602e-08,-6.4467735518167665e-17,1.9907407566161045e-08,8.3333350182624275e-09,1.2037040364454299e-08
xband_h_r2,xband_h,2,1,south_iface,20,6.6613381477509392e-16,3.5648152207912176e-08,1.2037040364454299e-08,1.9398148075680492e-07,1.9768518461429618e-07,1.1111111076350602e-08,-8.3906504728582543e-18,1.9907407507180447e-08,8.3333350252013214e-09,1.2037040364454299e-08
xband_h_r2,xband_h,2,1,west_iface,8,2.2083316819632159e-07,2.2083316819632159e-07,3.3333311888483763e-08,-1.6203792373357317e-08,1.7129682448175753e-08,8.3333444641181275e-09,-1.2143064497273772e-16,3.8425922792104566e-08,1.2037038408081232e-08,3.3333311888483763e-08
xband_h_r4,xband_h,4,0,east_iface,2,5.5555585909417005e-08,5.5555585909417005e-08,2.7777792954708502e-08,-5.5555607101917388e-08,5.5555607101917388e-08,2.7777803550958694e-08,-6.9388939039072253e-18,6.9388939039072253e-18,3.4694469519536126e-18,2.7777803550958694e-08
xband_h_r4,xband_h,4,0,east_iface|north_iface|level_corner,1,1.7283967368442177e-08,1.7283967368442177e-08,1.7283967368442177e-08,-3.1481503826981150e-08,3.1481503826981150e-08,3.1481503826981150e-08,1.1728391933238077e-08,1.1728391933238077e-08,1.1728391933238077e-08,3.1481503826981150e-08
xband_h_r4,xband_h,4,0,east_iface|south_iface|level_corner,1,1.7283967368442177e-08,1.7283967368442177e-08,1.7283967368442177e-08,-3.1481503833920044e-08,3.1481503833920044e-08,3.1481503833920044e-08,-1.1728391933238077e-08,1.1728391933238077e-08,1.1728391933238077e-08,3.1481503833920044e-08
xband_h_r4,xband_h,4,0,north_iface,8,-1.7763568394002505e-15,1.7763568394002505e-15,2.2204460492503131e-16,-1.0370370398526909e-07,1.0370370398526909e-07,1.2962962998158636e-08,-1.6653345369377346e-16,1.6653345369377346e-16,2.0816681711721679e-17,1.2962962998158636e-08
xband_h_r4,xband_h,4,0,south_iface,8,-1.7763568394002505e-15,1.7763568394002505e-15,2.2204460492503131e-16,-1.0370370398526909e-07,1.0370370398526909e-07,1.2962962998158636e-08,8.3266726846886728e-17,8.3266726846886728e-17,1.0408340855860841e-17,1.2962962998158636e-08
xband_h_r4,xband_h,4,0,west_iface,2,-5.5555524847150650e-08,5.5555524847150650e-08,2.7777762423575325e-08,-5.5555504126514957e-08,5.5555504126514957e-08,2.7777752063257479e-08,-6.9388939039072253e-18,6.9388939039072253e-18,3.4694469519536126e-18,2.7777762423575325e-08
xband_h_r4,xband_h,4,0,west_iface|north_iface|level_corner,1,-1.7283933617662228e-08,1.7283933617662228e-08,1.7283933617662228e-08,-3.1481459210790885e-08,3.1481459210790885e-08,3.1481459210790885e-08,-1.1728398222846109e-08,1.1728398222846109e-08,1.1728398222846109e-08,3.1481459210790885e-08
xband_h_r4,xband_h,4,0,west_iface|south_iface|level_corner,1,-1.7283933728684531e-08,1.7283933728684531e-08,1.7283933728684531e-08,-3.1481459210790885e-08,3.1481459210790885e-08,3.1481459210790885e-08,1.1728398215907216e-08,1.1728398215907216e-08,1.1728398215907216e-08,3.1481459210790885e-08
xband_h_r4,xband_h,4,1,bulk,4,-7.2497563508022722e-14,1.9669067141681040e-07,4.9172686034104629e-08,3.9266116712603736e-09,3.9266116712603736e-09,9.8166473955881342e-10,-5.2041700970581763e-17,7.7383401912022024e-08,1.9345864584568065e-08,4.9172686034104629e-08
xband_h_r4,xband_h,4,1,east_iface,18,1.2335988430756117e-07,1.4715097231832175e-06,9.8148257965391394e-08,1.3329362041935839e-07,3.4563843799446868e-07,3.5360975074007079e-08,-4.5102810375396984e-17,1.3585752732813154e-07,2.6543205976290708e-08,9.8148257965391394e-08
xband_h_r4,xband_h,4,1,east_iface|north_iface|level_corner,1,1.7552645115159748e-08,1.7552645115159748e-08,1.7552645115159748e-08,-2.4143470270019589e-08,2.4143470270019589e-08,2.4143470270019589e-08,8.2990367599367996e-09,8.2990367599367996e-09,8.2990367599367996e-09,2.4143470270019589e-08
xband_h_r4,xband_h,4,1,east_iface|south_iface|level_corner,1,1.7552644893115144e-08,1.7552644893115144e-08,1.7552644893115144e-08,-2.4143470238794514e-08,2.4143470238794514e-08,2.4143470238794514e-08,-8.2990367460590151e-09,8.2990367460590151e-09,8.2990367460590151e-09,2.4143470238794514e-08
xband_h_r4,xband_h,4,1,north_iface,42,-2.2870594307278225e-14,1.3105187934847606e-07,2.6543224507236118e-08,2.0568413790223768e-07,8.8197018053431698e-07,3.0401234498572576e-08,-9.3519195578964117e-15,8.1053749420579806e-08,1.6666672876910480e-08,3.0401234498572576e-08
xband_h_r4,xband_h,4,1,south_iface,42,-2.7755575615628914e-14,1.3105188245710053e-07,2.6543224396213816e-08,2.0568413865510979e-07,8.8197018014226746e-07,3.0401234505511470e-08,9.2547750461368426e-15,8.1053749101390686e-08,1.6666672894257715e-08,3.0401234505511470e-08
xband_h_r4,xband_h,4,1,west_iface,18,-1.2336023147430097e-07,1.4715066877224459e-06,9.8148038141232519e-08,1.3329216334128520e-07,3.4563870408140619e-07,3.5360904139892908e-08,3.4694469519536142e-17,1.3585740633930934e-07,2.6543213804627086e-08,9.8148038141232519e-08
xband_h_r4,xband_h,4,1,west_iface|north_iface|level_corner,1,-1.7552618691851762e-08,1.7552618691851762e-08,1.7552618691851762e-08,-2.4143467181975903e-08,2.4143467181975903e-08,2.4143467181975903e-08,-8.2990352541031277e-09,8.2990352541031277e-09,8.2990352541031277e-09,2.4143467181975903e-08
xband_h_r4,xband_h,4,1,west_iface|south_iface|level_corner,1,-1.7552618802874065e-08,1.7552618802874065e-08,1.7552618802874065e-08,-2.4143467175036956e-08,2.4143467175036956e-08,2.4143467175036956e-08,8.2990352645114702e-09,8.2990352645114702e-09,8.2990352645114702e-09,2.4143467175036956e-08
xband_h_r4,xband_h,4,2,bulk,496,1.1309841951856470e-12,3.9988920966793629e-06,4.0281167068556556e-08,3.4593142077608343e-06,3.4668330691970605e-06,3.9006231354387696e-08,2.7200464023037763e-15,4.8013065184759567e-07,1.0534924801115783e-08,4.0281167068556556e-08
xband_h_r4,xband_h,4,2,east_iface,24,-7.3662948807395878e-07,7.3662948807395878e-07,3.5802493525416423e-08,2.3257450017848757e-08,1.4958237904220495e-07,1.7622576912254797e-08,-1.3877789462175682e-17,6.4820372336405005e-08,1.4926980296248813e-08,3.5802493525416423e-08
xband_h_r4,xband_h,4,2,north_iface,48,-2.0317081350640365e-14,9.7891750594492066e-08,2.4311636481755272e-08,6.3202770573742854e-07,6.4973032468453983e-07,1.4424725915507442e-08,4.9538764107891185e-14,4.1401238482647186e-08,1.4999147053219531e-08,2.4311636481755272e-08
xband_h_r4,xband_h,4,2,south_iface,48,-1.9761969838327786e-14,9.7891750039380554e-08,2.4311636481755272e-08,6.3202770570273386e-07,6.4973032464290615e-07,1.4424725918976836e-08,-5.0291634092484313e-14,4.1401239110617085e-08,1.4999147067097319e-08,2.4311636481755272e-08
xband_h_r4,xband_h,4,2,west_iface,24,7.3662803079521666e-07,7.3662803079521666e-07,3.5802444342536432e-08,2.3256817139463133e-08,1.4958236634063493e-07,1.7622620910484764e-08,-1.1796119967514533e-16,6.4820391940061315e-08,1.4926986859770762e-08,3.5802444342536432e-08
xband_h_r8,xband_h,8,0,east_iface,2,9.3333501816061926e-08,9.3333501816061926e-08,4.6666750908030963e-08,-9.3333575485713204e-08,9.3333575485713204e-08,4.6666787742856602e-08,0.0000000000000000e+00,0.0000000000000000e+00,0.0000000000000000e+00,4.6666787742856602e-08
xband_h_r8,xband_h,8,0,east_iface|north_iface|level_corner,1,2.6481569825875795e-08,2.6481569825875795e-08,2.6481569825875795e-08,-5.3888993423563181e-08,5.3888993423563181e-08,5.3888993423563181e-08,2.3148137619621380e-08,2.3148137619621380e-08,2.3148137619621380e-08,5.3888993423563181e-08
xband_h_r8,xband_h,8,0,east_iface|south_iface|level_corner,1,2.6481569825875795e-08,2.6481569825875795e-08,2.6481569825875795e-08,-5.3888993423563181e-08,5.3888993423563181e-08,5.3888993423563181e-08,-2.3148137647376956e-08,2.3148137647376956e-08,2.3148137647376956e-08,5.3888993423563181e-08
xband_h_r8,xband_h,8,0,north_iface,8,-8.8817841970012523e-15,8.8817841970012523e-15,1.1102230246251565e-15,-1.9555555871852219e-07,1.9555555871852219e-07,2.4444444839815273e-08,-2.4980018054066050e-15,2.4980018054066050e-15,3.1225022567582557e-16,2.4444444839815273e-08
xband_h_r8,xband_h,8,0,south_iface,8,-8.8817841970012523e-15,8.8817841970012523e-15,1.1102230246251565e-15,-1.9555555871852219e-07,1.9555555871852219e-07,2.4444444839815273e-08,2.3592239273284596e-15,2.3592239273284596e-15,2.9490299091605745e-16,2.4444444839815273e-08
xband_h_r8,xband_h,8,0,west_iface,2,-9.3333165196440859e-08,9.3333165196440859e-08,4.6666582598220430e-08,-9.3333092845410239e-08,9.3333092845410239e-08,4.6666546422705120e-08,-6.9388942277217078e-18,6.9388942277217078e-18,3.4694471138608539e-18,4.6666582598220430e-08
xband_h_r8,xband_h,8,0,west_iface|north_iface|level_corner,1,-2.6481392967347972e-08,2.6481392967347972e-08,2.6481392967347972e-08,-5.3888785177694490e-08,5.3888785177694490e-08,5.3888785177694490e-08,-2.3148158670035772e-08,2.3148158670035772e-08,2.3148158670035772e-08,5.3888785177694490e-08
xband_h_r8,xband_h,8,0,west_iface|south_iface|level_corner,1,-2.6481392967347972e-08,2.6481392967347972e-08,2.6481392967347972e-08,-5.3888785177694490e-08,5.3888785177694490e-08,5.3888785177694490e-08,2.3148158652688537e-08,2.3148158652688537e-08,2.3148158652688537e-08,5.3888785177694490e-08
xband_h_r8,xband_h,8,1,bulk,4,-2.9698465908722937e-13,4.4323731118733889e-07,1.1080940209851065e-07,4.8120713605068221e-08,4.8120713605068221e-08,1.2030241917711239e-08,1.7347214907433370e-17,1.7750342942370059e-07,4.4375921736902747e-08,1.1080940209851065e-07
xband_h_r8,xband_h,8,1,east_iface,18,1.2455187992088668e-08,3.1265368045652053e-06,2.2629678830821121e-07,8.5133021083093372e-08,4.4764836797079989e-07,4.9664576157662013e-08,3.3087224502121107e-24,2.9697988828638625e-07,5.7037025177888176e-08,2.2629678830821121e-07
xband_h_r8,xband_h,8,1,east_iface|north_iface|level_corner,1,3.4678603433313526e-08,3.4678603433313526e-08,3.4678603433313526e-08,-6.1772572414528199e-08,6.1772572414528199e-08,6.1772572414528199e-08,9.6759256797314160e-09,9.6759256797314160e-09,9.6759256797314160e-09,6.1772572414528199e-08
xband_h_r8,xband_h,8,1,east_iface|south_iface|level_corner,1,3.4678603655358131e-08,3.4678603655358131e-08,3.4678603655358131e-08,-6.1772572417997858e-08,6.1772572417997858e-08,6.1772572417997858e-08,-9.6759256936092005e-09,9.6759256936092005e-09,9.6759256936092005e-09,6.1772572417997858e-08
xband_h_r8,xband_h,8,1,north_iface,42,-7.6938455606523348e-14,2.7379966416329893e-07,5.7037099043810713e-08,4.5067878818103276e-07,2.2851236841890771e-06,7.5432098851912831e-08,-3.5364974107037129e-14,1.6370378190176220e-07,3.3333357057194698e-08,7.5432098851912831e-08
xband_h_r8,xband_h,8,1,south_iface,42,-8.5265128291212022e-14,2.7379965694684927e-07,5.7037099265855318e-08,4.5067878770919464e-07,2.2851236836270280e-06,7.5432098824157467e-08,3.5344157422016685e-14,1.6370378154093977e-07,3.3333357050255811e-08,7.5432098824157467e-08
xband_h_r8,xband_h,8,1,west_iface,18,-1.2457441078694842e-08,3.1265239719413529e-06,2.2629580420652218e-07,8.5125820620961759e-08,4.4764987301008798e-07,4.9664222992767982e-08,-7.9797299747267828e-17,2.9697933314880656e-07,5.7037048908284347e-08,2.2629580420652218e-07
xband_h_r8,xband_h,8,1,west_iface|north_iface|level_corner,1,-3.4678529270415481e-08,3.4678529270415481e-08,3.4678529270415481e-08,-6.1772593256257205e-08,6.1772593256257205e-08,6.1772593256257205e-08,-9.6759293623059593e-09,9.6759293623059593e-09,9.6759293623059593e-09,6.1772593256257205e-08
xband_h_r8,xband_h,8,1,west_iface|south_iface|level_corner,1,-3.4678529492460086e-08,3.4678529492460086e-08,3.4678529492460086e-08,-6.1772593242379311e-08,6.1772593242379311e-08,6.1772593242379311e-08,9.6759293380198306e-09,9.6759293380198306e-09,9.6759293380198306e-09,6.1772593242379311e-08
xband_h_r8,xband_h,8,2,bulk,4,-1.2967404927621828e-13,2.7711309025235664e-07,6.9278305092623782e-08,-4.1926957218437652e-08,4.1926957218437652e-08,1.0481783684670106e-08,-1.1102229584507075e-16,1.1078539838977929e-07,2.7696378149409601e-08,6.9278305092623782e-08
xband_h_r8,xband_h,8,2,east_iface,50,9.0328715551812877e-07,5.5580870286231487e-06,1.3628724482295240e-07,5.6886238576978989e-07,1.2472897460491315e-06,4.9682275523316860e-08,5.2041684426969512e-17,2.7564305906804266e-07,3.2267068618369397e-08,1.3628724482295240e-07
xband_h_r8,xband_h,8,2,east_iface|north_iface|level_corner,1,4.0174893412014967e-08,4.0174893412014967e-08,4.0174893412014967e-08,-2.0036142018733663e-08,2.0036142018733663e-08,2.0036142018733663e-08,2.6677685959911087e-08,2.6677685959911087e-08,2.6677685959911087e-08,4.0174893412014967e-08
xband_h_r8,xband_h,8,2,east_iface|south_iface|level_corner,1,4.0174893634059572e-08,4.0174893634059572e-08,4.0174893634059572e-08,-2.0036141984039405e-08,2.0036141984039405e-08,2.0036141984039405e-08,-2.6677686025830572e-08,2.6677686025830572e-08,2.6677686025830572e-08,4.0174893634059572e-08
xband_h_r8,xband_h,8,2,north_iface,98,-1.2545520178264269e-13,4.6548120757883282e-07,5.5901330786589654e-08,7.5093587562436756e-07,1.9637848879225862e-06,3.0745991200010681e-08,1.5838852744974027e-13,2.2759169606909904e-07,3.5550724852873342e-08,5.5901330786589654e-08
xband_h_r8,xband_h,8,2,south_iface,98,-1.2467804566540508e-13,4.6548120857803355e-07,5.5901330564545049e-08,7.5093587861850145e-07,1.9637848885297340e-06,3.0745991165316211e-08,-1.6265247772187308e-13,2.2759169848730357e-07,3.5550724887567811e-08,5.5901330564545049e-08
xband_h_r8,xband_h,8,2,west_iface,50,-9.0329175006509388e-07,5.5580787219344785e-06,1.3628716233338167e-07,5.6885917398880349e-07,1.2472939875805178e-06,4.9682509307124725e-08,-2.8102520972568765e-16,2.7564292505169979e-07,3.2267031948490216e-08,1.3628716233338167e-07
xband_h_r8,xband_h,8,2,west_iface|north_iface|level_corner,1,-4.0174841342555112e-08,4.0174841342555112e-08,4.0174841342555112e-08,-2.0036113359831820e-08,2.0036113359831820e-08,2.0036113359831820e-08,-2.6677687999372751e-08,2.6677687999372751e-08,2.6677687999372751e-08,4.0174841342555112e-08
xband_h_r8,xband_h,8,2,west_iface|south_iface|level_corner,1,-4.0174841120510507e-08,4.0174841120510507e-08,4.0174841120510507e-08,-2.0036113321668115e-08,2.0036113321668115e-08,2.0036113321668115e-08,2.6677687992433851e-08,2.6677687992433851e-08,2.6677687992433851e-08,4.0174841120510507e-08
xband_h_r8,xband_h,8,3,bulk,2496,2.9321212124955309e-11,2.8637743308079777e-05,9.1136507451849980e-08,2.1518584012169621e-05,2.1631130385841386e-05,7.4208136604490187e-08,3.4392627831485906e-14,2.1678840055223160e-06,1.8997798637533321e-08,9.1136507451849980e-08
xband_h_r8,xband_h,8,3,east_iface,56,-4.5408447687522724e-06,4.5408447687522724e-06,9.2713227428653511e-08,1.2861621616892713e-06,1.3719258963327457e-06,2.9881861805069427e-08,-2.2204464462970071e-16,2.6635328259445349e-07,2.8293034906485996e-08,9.2713227428653511e-08
xband_h_r8,xband_h,8,3,north_iface,104,-1.0413891970983968e-13,3.6615374754411789e-07,4.1531356353985416e-08,1.3249978171315483e-06,1.3487867117357077e-06,1.7041946893047076e-08,2.3123679409453779e-13,2.0834456303936851e-07,2.7419657736108391e-08,4.1531356353985416e-08
xband_h_r8,xband_h,8,3,south_iface,104,-9.7477581562088744e-14,3.6615374710002868e-07,4.1531356353985416e-08,1.3249978173397094e-06,1.3487867120410131e-06,1.7041946865291501e-08,-2.2219888477151442e-13,2.0834456112076429e-07,2.7419657736108391e-08,4.1531356353985416e-08
xband_h_r8,xband_h,8,3,west_iface,56,4.5408341713404354e-06,4.5408341713404354e-06,9.2713036803360183e-08,1.2861553435636547e-06,1.3719196443198096e-06,2.9881735037664426e-08,-3.4000582776123379e-16,2.6635377925660402e-07,2.8293077850817512e-08,9.2713036803360183e-08
xband_wall_r16,xband_wall,16,0,east_iface,10,-1.2193761635375111e-02,1.2195333930790753e-02,6.0972738915414659e-03,1.2268590897788759e-02,1.2270163195588438e-02,6.1346885233442994e-03,6.2450045135165055e-17,1.2299591604835519e-02,6.1497958024177351e-03,6.1497958024177351e-03
xband_wall_r16,xband_wall,16,0,north_wall,8,-1.0658141036401503e-14,1.0658141036401503e-14,1.3322676295501878e-15,-3.2836756942433641e-06,3.2836756942433641e-06,4.1045946178042052e-07,6.9388939039072402e-16,6.9388939039072402e-16,8.6736173798840503e-17,4.1045946178042052e-07
xband_wall_r16,xband_wall,16,0,north_wall|east_iface|wall_level_corner,1,1.4453258945218650e-02,1.4453258945218650e-02,1.4453258945218650e-02,-2.0740646905907115e-02,2.0740646905907115e-02,2.0740646905907115e-02,-3.6224010956086868e-04,3.6224010956086868e-04,3.6224010956086868e-04,2.0740646905907115e-02
xband_wall_r16,xband_wall,16,0,north_wall|west_iface|wall_level_corner,1,1.4453221610128075e-02,1.4453221610128075e-02,1.4453221610128075e-02,2.0739842954697038e-02,2.0739842954697038e-02,2.0739842954697038e-02,-3.6236920352626992e-04,3.6236920352626992e-04,3.6236920352626992e-04,2.0739842954697038e-02
xband_wall_r16,xband_wall,16,0,south_wall,8,-1.2434497875801753e-14,1.2434497875801753e-14,1.5543122344752192e-15,-3.2836757061505027e-06,3.2836757061505027e-06,4.1045946326881284e-07,-2.3314683517128319e-15,2.3314683517128319e-15,2.9143354396410399e-16,4.1045946326881284e-07
xband_wall_r16,xband_wall,16,0,south_wall|east_iface|wall_level_corner,1,1.4453258945218650e-02,1.4453258945218650e-02,1.4453258945218650e-02,-2.0740646905908596e-02,2.0740646905908596e-02,2.0740646905908596e-02,3.6224010956066035e-04,3.6224010956066035e-04,3.6224010956066035e-04,2.0740646905908596e-02
xband_wall_r16,xband_wall,16,0,south_wall|west_iface|wall_level_corner,1,1.4453221610127853e-02,1.4453221610127853e-02,1.4453221610127853e-02,2.0739842954695550e-02,2.0739842954695550e-02,2.0739842954695550e-02,3.6236920352605828e-04,3.6236920352605828e-04,3.6236920352605828e-04,2.0739842954695550e-02
xband_wall_r16,xband_wall,16,0,west_iface,10,-1.2195797172660727e-02,1.2195797172660727e-02,6.0975055147794999e-03,-1.2270592873691833e-02,1.2270592873691833e-02,6.1349033658784019e-03,6.5919492087118670e-17,1.2299665099254372e-02,6.1498325496271633e-03,6.1498325496271633e-03
xband_wall_r16,xband_wall,16,1,north_wall|west_iface|east_iface|wall_level_corner,2,1.7643901275570029e-02,1.7643901275570029e-02,8.8225896345314192e-03,-4.5279329425468307e-07,4.1907560373349285e-02,2.0954006583321770e-02,3.6177009319993556e-02,3.6177009319993556e-02,1.8088530402807890e-02,2.0954006583321770e-02
xband_wall_r16,xband_wall,16,1,south_wall|west_iface|east_iface|wall_level_corner,2,1.7643901275568696e-02,1.7643901275568696e-02,8.8225896345308641e-03,-4.5279329410549685e-07,4.1907560373349334e-02,2.0954006583321718e-02,-3.6177009319993979e-02,3.6177009319993979e-02,1.8088530402808101e-02,2.0954006583321718e-02
xband_wall_r16,xband_wall,16,1,west_iface|east_iface,44,-8.0145668345482313e-02,8.0166661770482484e-02,1.3848822769928715e-02,-4.7450208585160959e-06,3.2237847101974901e-02,6.7103539523915966e-03,8.2399365108898337e-17,8.3287022694686075e-02,1.4221222576121427e-02,1.4221222576121427e-02
xband_wall_r16,xband_wall,16,2,north_wall|west_iface|east_iface|wall_level_corner,2,-3.2322164361856420e-02,3.2322164361856420e-02,1.6161419841534408e-02,-7.8243610819594966e-08,6.3364063866461096e-02,3.1682071055035961e-02,4.6327955082374805e-02,4.6327955082374805e-02,2.3164039658129670e-02,3.1682071055035961e-02
xband_wall_r16,xband_wall,16,2,south_wall|west_iface|east_iface|wall_level_corner,2,-3.2322164361856420e-02,3.2322164361856420e-02,1.6161419841534519e-02,-7.8243610743267134e-08,6.3364063866461068e-02,3.1682071055035906e-02,-4.6327955082374972e-02,4.6327955082374972e-02,2.3164039658129795e-02,3.1682071055035906e-02
xband_wall_r16,xband_wall,16,2,west_iface|east_iface,92,-9.1622000403689396e-02,1.5895063175295454e-01,1.6649582407148533e-02,1.6541554210664031e-05,7.6371415600358900e-02,5.0842355192282857e-03,-2.1857515797307769e-16,1.7947820009357970e-01,1.6743327063596113e-02,1.6743327063596113e-02
xband_wall_r16,xband_wall,16,3,east_iface,188,-1.8390406241789503e-01,2.3922884047178161e-01,1.6818015894565552e-02,-9.9047471299342719e-03,1.2053918659152263e-01,9.9401815818783937e-03,-6.8695049648681561e-16,3.0525680613554501e-01,1.6965326089517025e-02,1.6965326089517025e-02
xband_wall_r16,xband_wall,16,3,north_wall|east_iface|wall_level_corner,2,-2.0707330410496994e-02,2.7719295500237218e-02,2.4213312955367106e-02,-1.1362990594755151e-02,4.6657937176172573e-02,2.9010463885463862e-02,3.2543612500113908e-02,3.2543612500113908e-02,1.8367687299344557e-02,2.9010463885463862e-02
xband_wall_r16,xband_wall,16,3,north_wall|west_iface|wall_level_corner,2,-2.0707097398430907e-02,2.7718546222567531e-02,2.4212821810499219e-02,1.1362997538378734e-02,4.6657798662306516e-02,2.9010398100342623e-02,3.2543592747928618e-02,3.2543592747928618e-02,1.8367560493807264e-02,2.9010398100342623e-02
xband_wall_r16,xband_wall,16,3,south_wall|east_iface|wall_level_corner,2,-2.0707330410497771e-02,2.7719295500237107e-02,2.4213312955367439e-02,-1.1362990594755054e-02,4.6657937176172636e-02,2.9010463885463845e-02,-3.2543612500114068e-02,3.2543612500114068e-02,1.8367687299344654e-02,2.9010463885463845e-02
xband_wall_r16,xband_wall,16,3,south_wall|west_iface|wall_level_corner,2,-2.0707097398431351e-02,2.7718546222567531e-02,2.4212821810499441e-02,1.1362997538378848e-02,4.6657798662306585e-02,2.9010398100342717e-02,-3.2543592747928715e-02,3.2543592747928715e-02,1.8367560493807288e-02,2.9010398100342717e-02
xband_wall_r16,xband_wall,16,3,west_iface,188,-1.8388289654492374e-01,2.3924215583264741e-01,1.6818770201962208e-02,9.9694937329548212e-03,1.2055159604841276e-01,9.9405459656286971e-03,-7.4593109467002705e-16,3.0525883774677565e-01,1.6965569782660200e-02,1.6965569782660200e-02
xband_wall_r16,xband_wall,16,4,bulk,5700,-9.4758665184898216e-01,9.4784776316558261e-01,6.6198831324076890e-03,2.3313820429465924e-04,5.8386231916902231e-01,6.9244077931800135e-03,-9.3995991545803292e-15,5.1574706492059530e-01,6.7964171686335298e-03,6.9244077931800135e-03
xband_wall_r16,xband_wall,16,4,east_iface,190,-1.3345702038979734e-01,1.3562332848823422e-01,6.4882308654344856e-03,5.6077480227156105e-02,7.1511759007063941e-02,4.7440694012521253e-03,-3.9031278209478160e-16,1.8213442527828511e-01,1.1414722713601349e-02,1.1414722713601349e-02
xband_wall_r16,xband_wall,16,4,north_wall,30,-5.1393262963589592e-02,5.1393263422489177e-02,8.5494159942607340e-03,2.7949929424543607e-07,2.8371967636265143e-02,6.2257348569897831e-03,9.2881476982707122e-03,9.8730915504558342e-03,2.8583164193052438e-03,8.5494159942607340e-03
xband_wall_r16,xband_wall,16,4,north_wall|east_iface|wall_level_corner,1,-1.6391585086131921e-02,1.6391585086131921e-02,1.6391585086131921e-02,7.5984521437686232e-03,7.5984521437686232e-03,7.5984521437686232e-03,7.5476471096295461e-03,7.5476471096295461e-03,7.5476471096295461e-03,1.6391585086131921e-02
xband_wall_r16,xband_wall,16,4,north_wall|west_iface|wall_level_corner,1,-1.6391215383139701e-02,1.6391215383139701e-02,1.6391215383139701e-02,-7.5983280328220347e-03,7.5983280328220347e-03,7.5983280328220347e-03,7.5476311577461035e-03,7.5476311577461035e-03,7.5476311577461035e-03,1.6391215383139701e-02
xband_wall_r16,xband_wall,16,4,south_wall,30,-5.1393262963596142e-02,5.1393263422494839e-02,8.5494159942612891e-03,2.7949929433824378e-07,2.8371967636265864e-02,6.2257348569897744e-03,-9.2881476982702195e-03,9.8730915504570051e-03,2.8583164193052898e-03,8.5494159942612891e-03
xband_wall_r16,xband_wall,16,4,south_wall|east_iface|wall_level_corner,1,-1.6391585086132032e-02,1.6391585086132032e-02,1.6391585086132032e-02,7.5984521437686293e-03,7.5984521437686293e-03,7.5984521437686293e-03,-7.5476471096295617e-03,7.5476471096295617e-03,7.5476471096295617e-03,1.6391585086132032e-02
xband_wall_r16,xband_wall,16,4,south_wall|west_iface|wall_level_corner,1,-1.6391215383140145e-02,1.6391215383140145e-02,1.6391215383140145e-02,-7.5983280328220356e-03,7.5983280328220356e-03,7.5983280328220356e-03,-7.5476311577462023e-03,7.5476311577462023e-03,7.5476311577462023e-03,1.6391215383140145e-02
xband_wall_r16,xband_wall,16,4,west_iface,190,-1.3336725516924164e-01,1.3560117062006294e-01,6.4879301529292555e-03,-5.6034695757496811e-02,7.1502239052434496e-02,4.7443734124875273e-03,-9.3154650659954541e-16,1.8213679775099484e-01,1.1414869103340173e-02,1.1414869103340173e-02
xband_wall_r2,xband_wall,2,0,east_iface,10,1.6666668489762060e-07,1.6666668489762060e-07,1.6666668489762060e-08,-1.6666671704912410e-07,1.6666671704912410e-07,1.6666671704912410e-08,-3.4694469519536136e-17,3.4694469519536136e-17,3.4694469519536134e-18,1.6666671704912410e-08
xband_wall_r2,xband_wall,2,0,north_wall,10,-2.2204460492503131e-15,2.2204460492503131e-15,2.2204460492503131e-16,-2.2222222267193006e-07,2.2222222267193006e-07,2.2222222267193006e-08,-1.3877787807814454e-16,1.3877787807814454e-16,1.3877787807814451e-17,2.2222222267193006e-08
xband_wall_r2,xband_wall,2,0,north_wall|east_iface|wall_level_corner,1,1.0821759044432611e-08,1.0821759044432611e-08,1.0821759044432611e-08,-1.3888913449237336e-02,1.3888913449237336e-02,1.3888913449237336e-02,1.3888893657568856e-02,1.3888893657568856e-02,1.3888893657568856e-02,1.3888913449237336e-02
xband_wall_r2,xband_wall,2,0,north_wall|west_iface|wall_level_corner,1,-1.0821759710566425e-08,1.0821759710566425e-08,1.0821759710566425e-08,1.3888864328545409e-02,1.3888864328545409e-02,1.3888864328545409e-02,1.3888884120210332e-02,1.3888884120210332e-02,1.3888884120210332e-02,1.3888884120210332e-02
xband_wall_r2,xband_wall,2,0,south_wall,10,0.0000000000000000e+00,0.0000000000000000e+00,0.0000000000000000e+00,-2.2222222267193059e-07,2.2222222267193059e-07,2.2222222267193059e-08,1.0408340855860841e-16,1.0408340855860841e-16,1.0408340855860841e-17,2.2222222267193059e-08
xband_wall_r2,xband_wall,2,0,south_wall|east_iface|wall_level_corner,1,1.0821759044432611e-08,1.0821759044432611e-08,1.0821759044432611e-08,-1.3888913449237336e-02,1.3888913449237336e-02,1.3888913449237336e-02,-1.3888893657568867e-02,1.3888893657568867e-02,1.3888893657568867e-02,1.3888913449237336e-02
xband_wall_r2,xband_wall,2,0,south_wall|west_iface|wall_level_corner,1,-1.0821759377499518e-08,1.0821759377499518e-08,1.0821759377499518e-08,1.3888864328545409e-02,1.3888864328545409e-02,1.3888864328545409e-02,-1.3888884120210339e-02,1.3888884120210339e-02,1.3888884120210339e-02,1.3888884120210339e-02
xband_wall_r2,xband_wall,2,0,west_iface,10,-1.6666664715003776e-07,1.6666664715003776e-07,1.6666664715003776e-08,-1.6666661742715216e-07,1.6666661742715216e-07,1.6666661742715216e-08,-6.9388939617313367e-17,6.9388939617313367e-17,6.9388939617313367e-18,1.6666664715003776e-08
xband_wall_r2,xband_wall,2,1,bulk,44,7.7604589421298442e-13,1.4601851889839423e-06,3.3333351190378835e-08,1.4601851856114447e-06,1.4601851856114447e-06,3.3333343197490839e-08,-1.5265566588595902e-16,6.4814816361222295e-09,1.6203716430739073e-09,3.3333351190378835e-08
xband_wall_r2,xband_wall,2,1,east_iface,22,-6.6481528770978571e-07,6.6851891089569904e-07,3.3333354965137119e-08,-6.1110861498720078e-08,6.1111343826399063e-08,3.0555551331279785e-08,-7.6327832942979512e-17,6.8518521473666981e-08,3.4259260705608468e-08,3.4259260705608468e-08
xband_wall_r2,xband_wall,2,1,north_wall,2,2.3425705819590803e-14,4.8148148246163203e-08,2.4074085835934511e-08,4.8148148121259407e-08,4.8148148121259407e-08,2.4074082333237890e-08,5.6028145301414451e-15,1.1111111114514303e-08,5.5555583586644167e-09,2.4074085835934511e-08
xband_wall_r2,xband_wall,2,1,north_wall|east_iface|wall_level_corner,1,-4.6296304234694219e-08,4.6296304234694219e-08,4.6296304234694219e-08,4.1666748849820041e-09,4.1666748849820041e-09,4.1666748849820041e-09,5.5555500759934633e-09,5.5555500759934633e-09,5.5555500759934633e-09,4.6296304234694219e-08
xband_wall_r2,xband_wall,2,1,north_wall|west_iface|wall_level_corner,1,4.6296288358504967e-08,4.6296288358504967e-08,4.6296288358504967e-08,4.1666584196815753e-09,4.1666584196815753e-09,4.1666584196815753e-09,-5.5555609968873261e-09,5.5555609968873261e-09,5.5555609968873261e-09,4.6296288358504967e-08
xband_wall_r2,xband_wall,2,1,south_wall,2,2.3425705819590803e-14,4.8148148246163203e-08,2.4074085835934511e-08,4.8148148121259407e-08,4.8148148121259407e-08,2.4074082333237890e-08,-5.6097534240453523e-15,1.1111111114514303e-08,5.5555583621338637e-09,2.4074085835934511e-08
xband_wall_r2,xband_wall,2,1,south_wall|east_iface|wall_level_corner,1,-4.6296304234694219e-08,4.6296304234694219e-08,4.6296304234694219e-08,4.1666748849820041e-09,4.1666748849820041e-09,4.1666748849820041e-09,-5.5555500725240155e-09,5.5555500725240155e-09,5.5555500725240155e-09,4.6296304234694219e-08
xband_wall_r2,xband_wall,2,1,south_wall|west_iface|wall_level_corner,1,4.6296288580549572e-08,4.6296288580549572e-08,4.6296288580549572e-08,4.1666584196815489e-09,4.1666584196815489e-09,4.1666584196815489e-09,5.5555610107651122e-09,5.5555610107651122e-09,5.5555610107651122e-09,4.6296288580549572e-08
xband_wall_r2,xband_wall,2,1,west_iface,22,6.6481434557452701e-07,6.6851812996482352e-07,3.3333311888483763e-08,-6.1111362079127819e-08,6.1111362079127819e-08,3.0555559833238209e-08,-1.5265566588595902e-16,6.8518515785760034e-08,3.4259257830429972e-08,3.4259257830429972e-08
xband_wall_r4,xband_wall,4,0,east_iface,10,-1.3888602777627157e-02,1.3889047222314432e-02,6.9444124999854528e-03,1.3985732572373080e-02,1.3986177017229900e-02,6.9929773974007460e-03,-3.3827107781547738e-17,1.3986005144507058e-02,6.9930025722535188e-03,6.9930025722535188e-03
xband_wall_r4,xband_wall,4,0,north_wall,8,0.0000000000000000e+00,0.0000000000000000e+00,0.0000000000000000e+00,-5.7283950608000289e-07,5.7283950608000289e-07,7.1604938260000361e-08,2.2204460492503128e-16,2.2204460492503128e-16,2.7755575615628907e-17,7.1604938260000361e-08
xband_wall_r4,xband_wall,4,0,north_wall|east_iface|wall_level_corner,1,1.3564681997572992e-02,1.3564681997572992e-02,1.3564681997572992e-02,-2.0105154394835564e-02,2.0105154394835564e-02,2.0105154394835564e-02,-1.9834643440385429e-04,1.9834643440385429e-04,1.9834643440385429e-04,2.0105154394835564e-02
xband_wall_r4,xband_wall,4,0,north_wall|west_iface|wall_level_corner,1,1.3564657827404014e-02,1.3564657827404014e-02,1.3564657827404014e-02,2.0105001345608237e-02,2.0105001345608237e-02,2.0105001345608237e-02,-1.9837613678606753e-04,1.9837613678606753e-04,1.9837613678606753e-04,2.0105001345608237e-02
xband_wall_r4,xband_wall,4,0,south_wall,8,0.0000000000000000e+00,0.0000000000000000e+00,0.0000000000000000e+00,-5.7283950641306980e-07,5.7283950641306980e-07,7.1604938301633725e-08,3.0531133177191800e-16,3.0531133177191800e-16,3.8163916471489750e-17,7.1604938301633725e-08
xband_wall_r4,xband_wall,4,0,south_wall|east_iface|wall_level_corner,1,1.3564681997572992e-02,1.3564681997572992e-02,1.3564681997572992e-02,-2.0105154394835602e-02,2.0105154394835602e-02,2.0105154394835602e-02,1.9834643440391677e-04,1.9834643440391677e-04,1.9834643440391677e-04,2.0105154394835602e-02
xband_wall_r4,xband_wall,4,0,south_wall|west_iface|wall_level_corner,1,1.3564657827404014e-02,1.3564657827404014e-02,1.3564657827404014e-02,2.0105001345608196e-02,2.0105001345608196e-02,2.0105001345608196e-02,1.9837613678612661e-04,1.9837613678612661e-04,1.9837613678612661e-04,2.0105001345608196e-02
xband_wall_r4,xband_wall,4,0,west_iface,10,-1.3889174999847542e-02,1.3889174999847542e-02,6.9444763888740768e-03,-1.3986295399135091e-02,1.3986295399135091e-02,6.9930365885592935e-03,-3.4694469519536142e-17,1.3986022827523346e-02,6.9930114137616625e-03,6.9930365885592935e-03
xband_wall_r4,xband_wall,4,1,east_iface,44,-2.4604152852838901e-02,2.5614586023080754e-02,6.3004745633354897e-03,2.1770145728136753e-02,2.2066147466184929e-02,6.8271478527936252e-03,-9.1940344226770776e-17,4.3226545740378000e-02,1.0872056597921054e-02,1.0872056597921054e-02
xband_wall_r4,xband_wall,4,1,north_wall|east_iface|wall_level_corner,2,-6.7563154480939636e-03,2.3638528895326583e-02,1.5197422171710273e-02,-2.1306113124033698e-02,2.3716130724524481e-02,2.2511121924279089e-02,1.5870174086897844e-02,1.5870174086897844e-02,8.0074857785966576e-03,2.2511121924279089e-02
xband_wall_r4,xband_wall,4,1,north_wall|west_iface|wall_level_corner,2,-6.7562008696281373e-03,2.3638189136946486e-02,1.5197195003287312e-02,2.1306069675515515e-02,2.3716154229474172e-02,2.2511111952494844e-02,1.5870133319556515e-02,1.5870133319556515e-02,8.0074694480593532e-03,2.2511111952494844e-02
xband_wall_r4,xband_wall,4,1,south_wall|east_iface|wall_level_corner,2,-6.7563154480936305e-03,2.3638528895326694e-02,1.5197422171710162e-02,-2.1306113124033681e-02,2.3716130724524491e-02,2.2511121924279086e-02,-1.5870174086897851e-02,1.5870174086897851e-02,8.0074857785967166e-03,2.2511121924279086e-02
xband_wall_r4,xband_wall,4,1,south_wall|west_iface|wall_level_corner,2,-6.7562008696282483e-03,2.3638189136946597e-02,1.5197195003287423e-02,2.1306069675515498e-02,2.3716154229474175e-02,2.2511111952494837e-02,-1.5870133319556480e-02,1.5870133319556480e-02,8.0074694480593359e-03,2.2511111952494837e-02
xband_wall_r4,xband_wall,4,1,west_iface,44,-2.4604229220501650e-02,2.5615676799067955e-02,6.3006699699993396e-03,-2.1769266056458871e-02,2.2066444402957772e-02,6.8270721939264452e-03,-4.3368086899420177e-17,4.3226895879422203e-02,1.0872070785857831e-02,1.0872070785857831e-02
xband_wall_r4,xband_wall,4,2,bulk,276,-2.3675180733776502e-02,2.3681134758403166e-02,1.9791648376106252e-03,5.0632541226582756e-06,2.3714151062246974e-02,1.9830902297009638e-03,-3.7892865928368380e-17,4.7023998276360720e-03,4.1420103847794739e-04,1.9830902297009638e-03
xband_wall_r4,xband_wall,4,2,east_iface,46,-2.6741529086651061e-02,2.6741529086651061e-02,4.0254453632094789e-03,1.5153733908432951e-02,1.5153733908432951e-02,2.0333137838798184e-03,1.2826111700503517e-16,1.0192577654171316e-02,1.9955831822614017e-03,4.0254453632094789e-03
xband_wall_r4,xband_wall,4,2,north_wall,6,-4.9911159151527773e-03,4.9911679006344745e-03,2.4955909411064070e-03,6.7644461320976595e-08,5.0036232461172381e-03,2.5018248948776747e-03,-6.6970675373309054e-04,6.6971474769973401e-04,3.3485406752758480e-04,2.5018248948776747e-03
xband_wall_r4,xband_wall,4,2,north_wall|east_iface|wall_level_corner,1,-7.9058599680102981e-03,7.9058599680102981e-03,7.9058599680102981e-03,3.5823226693035485e-03,3.5823226693035485e-03,3.5823226693035485e-03,7.9446659166050983e-04,7.9446659166050983e-04,7.9446659166050983e-04,7.9058599680102981e-03
xband_wall_r4,xband_wall,4,2,north_wall|west_iface|wall_level_corner,1,-7.9057541638964945e-03,7.9057541638964945e-03,7.9057541638964945e-03,-3.5823159844843638e-03,3.5823159844843638e-03,3.5823159844843638e-03,7.9444385186361289e-04,7.9444385186361289e-04,7.9444385186361289e-04,7.9057541638964945e-03
xband_wall_r4,xband_wall,4,2,south_wall,6,-4.9911159151541096e-03,4.9911679006344745e-03,2.4955909411065180e-03,6.7644461289751573e-08,5.0036232461171583e-03,2.5018248948776500e-03,6.6970675373307308e-04,6.6971474769970951e-04,3.3485406752760215e-04,2.5018248948776500e-03
xband_wall_r4,xband_wall,4,2,south_wall|east_iface|wall_level_corner,1,-7.9058599680105202e-03,7.9058599680105202e-03,7.9058599680105202e-03,3.5823226693035520e-03,3.5823226693035520e-03,3.5823226693035520e-03,-7.9446659166042244e-04,7.9446659166042244e-04,7.9446659166042244e-04,7.9058599680105202e-03
xband_wall_r4,xband_wall,4,2,south_wall|west_iface|wall_level_corner,1,-7.9057541638966056e-03,7.9057541638966056e-03,7.9057541638966056e-03,-3.5823159844843040e-03,3.5823159844843040e-03,3.5823159844843040e-03,-7.9444385186360237e-04,7.9444385186360237e-04,7.9444385186360237e-04,7.9057541638966056e-03
xband_wall_r4,xband_wall,4,2,west_iface,46,-2.6738601210018476e-02,2.6741156763803064e-02,4.0255111414082556e-03,-1.5153567866738077e-02,1.5154034532785257e-02,2.0334587679303497e-03,-3.1658703436576729e-17,1.0192379238008123e-02,1.9955856538408792e-03,4.0255111414082556e-03
xband_wall_r8,xband_wall,8,0,east_iface,10,-1.2718045798645328e-02,1.2718937651441387e-02,6.3592458625216786e-03,1.2799453681712866e-02,1.2800345535204229e-02,6.3999498042292737e-03,0.0000000000000000e+00,1.2800001563626583e-02,6.4000007818132915e-03,6.4000007818132915e-03
xband_wall_r8,xband_wall,8,0,north_wall,8,-1.0658141036401503e-14,1.0658141036401503e-14,1.3322676295501878e-15,-1.4376771829138709e-06,1.4376771829138709e-06,1.7970964786423386e-07,-2.7755575615628918e-16,2.7755575615628918e-16,3.4694469519536148e-17,1.7970964786423386e-07
xband_wall_r8,xband_wall,8,0,north_wall|east_iface|wall_level_corner,1,1.4547163049298151e-02,1.4547163049298151e-02,1.4547163049298151e-02,-2.0883724291081505e-02,2.0883724291081505e-02,2.0883724291081505e-02,-2.4404757950207185e-04,2.4404757950207185e-04,2.4404757950207185e-04,2.0883724291081505e-02
xband_wall_r8,xband_wall,8,0,north_wall|west_iface|wall_level_corner,1,1.4547130517748252e-02,1.4547130517748252e-02,1.4547130517748252e-02,2.0883359985347776e-02,2.0883359985347776e-02,2.0883359985347776e-02,-2.4411044432804394e-04,2.4411044432804394e-04,2.4411044432804394e-04,2.0883359985347776e-02
xband_wall_r8,xband_wall,8,0,south_wall,8,-1.4210854715202004e-14,1.4210854715202004e-14,1.7763568394002505e-15,-1.4376771839963358e-06,1.4376771839963358e-06,1.7970964799954197e-07,-2.2204460492503128e-16,2.2204460492503128e-16,2.7755575615628907e-17,1.7970964799954197e-07
xband_wall_r8,xband_wall,8,0,south_wall|east_iface|wall_level_corner,1,1.4547163049297707e-02,1.4547163049297707e-02,1.4547163049297707e-02,-2.0883724291081637e-02,2.0883724291081637e-02,2.0883724291081637e-02,2.4404757950201975e-04,2.4404757950201975e-04,2.4404757950201975e-04,2.0883724291081637e-02
xband_wall_r8,xband_wall,8,0,south_wall|west_iface|wall_level_corner,1,1.4547130517747808e-02,1.4547130517747808e-02,1.4547130517747808e-02,2.0883359985347641e-02,2.0883359985347641e-02,2.0883359985347641e-02,2.4411044432798157e-04,2.4411044432798157e-04,2.4411044432798157e-04,2.0883359985347641e-02
xband_wall_r8,xband_wall,8,0,west_iface,10,-1.2719196998537630e-02,1.2719196998537630e-02,6.3593755365423110e-03,-1.2800587731864207e-02,1.2800587731864207e-02,6.4000709033758454e-03,-2.7755575615628914e-17,1.2800039852023069e-02,6.4000199260115208e-03,6.4000709033758454e-03
xband_wall_r8,xband_wall,8,1,north_wall|west_iface|east_iface|wall_level_corner,2,9.7350302542120737e-03,9.7350302542120737e-03,4.8678095874101768e-03,-1.3019343446038500e-07,3.6799004906541671e-02,1.8399567549988068e-02,3.5570581659634865e-02,3.5570581659634865e-02,1.7785304353036394e-02,1.8399567549988068e-02
xband_wall_r8,xband_wall,8,1,south_wall|west_iface|east_iface|wall_level_corner,2,9.7350302542114076e-03,9.7350302542114076e-03,4.8678095874097327e-03,-1.3019343453671284e-07,3.6799004906541630e-02,1.8399567549988085e-02,-3.5570581659634989e-02,3.5570581659634989e-02,1.7785304353036463e-02,1.8399567549988085e-02
xband_wall_r8,xband_wall,8,1,west_iface|east_iface,44,-7.6342042710350055e-02,7.6401650264863674e-02,1.3891882394880040e-02,-1.8350443818295089e-06,2.7074322081048777e-02,6.6798822078273697e-03,2.1684043449710089e-17,8.0320462929794514e-02,1.4252366142841959e-02,1.4252366142841959e-02
xband_wall_r8,xband_wall,8,2,east_iface,92,-6.9391631077623250e-02,1.3218541156193697e-01,1.6060104915779250e-02,9.4749485098804265e-03,5.4415321060684314e-02,7.3741952222949950e-03,-5.7766291750027676e-16,1.1127974434784113e-01,1.3259451451193564e-02,1.6060104915779250e-02
xband_wall_r8,xband_wall,8,2,north_wall|east_iface|wall_level_corner,2,-1.5747367518600508e-02,3.0605730375946272e-02,2.3176548947273390e-02,-1.0937422495788577e-02,3.9887657573830899e-02,2.5412540034809739e-02,2.1960994623083763e-02,2.1960994623083763e-02,1.2887387947282196e-02,2.5412540034809739e-02
xband_wall_r8,xband_wall,8,2,north_wall|west_iface|wall_level_corner,2,-1.5747131807150927e-02,3.0605101552330316e-02,2.3176116679740622e-02,1.0937470629934108e-02,3.9887561382816496e-02,2.5412516006375303e-02,2.1960971311352342e-02,2.1960971311352342e-02,1.2887355841084953e-02,2.5412516006375303e-02
xband_wall_r8,xband_wall,8,2,south_wall|east_iface|wall_level_corner,2,-1.5747367518600730e-02,3.0605730375946050e-02,2.3176548947273390e-02,-1.0937422495788532e-02,3.9887657573830969e-02,2.5412540034809750e-02,-2.1960994623083631e-02,2.1960994623083631e-02,1.2887387947282180e-02,2.5412540034809750e-02
xband_wall_r8,xband_wall,8,2,south_wall|west_iface|wall_level_corner,2,-1.5747131807150927e-02,3.0605101552330316e-02,2.3176116679740622e-02,1.0937470629934149e-02,3.9887561382816551e-02,2.5412516006375351e-02,-2.1960971311352228e-02,2.1960971311352228e-02,1.2887355841084977e-02,2.5412516006375351e-02
xband_wall_r8,xband_wall,8,2,west_iface,92,-6.9381860768127357e-02,1.3218733341787026e-01,1.6060061261749858e-02,-9.4582942648353575e-03,5.4416355602645294e-02,7.3743502371667689e-03,-2.3071822230491534e-16,1.1128047171439584e-01,1.3259483964559520e-02,1.6060061261749858e-02
xband_wall_r8,xband_wall,8,3,bulk,1316,-1.7610026975742066e-01,1.7613065809943496e-01,5.2436432020372958e-03,2.8155870769323160e-05,1.1564268763439083e-01,4.1967823312301011e-03,-3.1901564723213482e-15,9.2101745744939095e-02,3.2128910712651672e-03,5.2436432020372958e-03
xband_wall_r8,xband_wall,8,3,east_iface,94,-4.6289651556334688e-02,4.6289651556334688e-02,5.5641900582235060e-03,1.7907752730899652e-02,2.2997451451344367e-02,2.0601434583454913e-03,-3.2482697087665713e-16,6.2382385404746735e-02,6.6947674762819695e-03,6.6947674762819695e-03
xband_wall_r8,xband_wall,8,3,north_wall,14,-2.7403817103198835e-02,2.7403827225977895e-02,6.8958292371383845e-03,9.3311489939365555e-08,1.6467678855921757e-02,4.6904875054086144e-03,4.3921676685346562e-03,4.5267694183234565e-03,1.3388346748844165e-03,6.8958292371383845e-03
xband_wall_r8,xband_wall,8,3,north_wall|east_iface|wall_level_corner,1,-1.3903507463106091e-02,1.3903507463106091e-02,1.3903507463106091e-02,5.9052723344805644e-03,5.9052723344805644e-03,5.9052723344805644e-03,4.1608598879246681e-03,4.1608598879246681e-03,4.1608598879246681e-03,1.3903507463106091e-02
xband_wall_r8,xband_wall,8,3,north_wall|west_iface|wall_level_corner,1,-1.3903329567536815e-02,1.3903329567536815e-02,1.3903329567536815e-02,-5.9052029517198817e-03,5.9052029517198817e-03,5.9052029517198817e-03,4.1608339398804860e-03,4.1608339398804860e-03,4.1608339398804860e-03,1.3903329567536815e-02
xband_wall_r8,xband_wall,8,3,south_wall,14,-2.7403817103200057e-02,2.7403827225980004e-02,6.8958292371383845e-03,9.3311489799720315e-08,1.6467678855922055e-02,4.6904875054086413e-03,-4.3921676685330594e-03,4.5267694183229908e-03,1.3388346748842664e-03,6.8958292371383845e-03
xband_wall_r8,xband_wall,8,3,south_wall|east_iface|wall_level_corner,1,-1.3903507463106091e-02,1.3903507463106091e-02,1.3903507463106091e-02,5.9052723344805843e-03,5.9052723344805843e-03,5.9052723344805843e-03,-4.1608598879245484e-03,4.1608598879245484e-03,4.1608598879245484e-03,1.3903507463106091e-02
xband_wall_r8,xband_wall,8,3,south_wall|west_iface|wall_level_corner,1,-1.3903329567537037e-02,1.3903329567537037e-02,1.3903329567537037e-02,-5.9052029517198739e-03,5.9052029517198739e-03,5.9052029517198739e-03,-4.1608339398803498e-03,4.1608339398803498e-03,4.1608339398803498e-03,1.3903329567537037e-02
xband_wall_r8,xband_wall,8,3,west_iface,94,-4.6273130761900871e-02,4.6285708599944853e-02,5.5642577119164871e-03,-1.7902018310389983e-02,2.2997005937136637e-02,2.0603473616456628e-03,-7.0906822080551990e-16,6.2383007730765147e-02,6.6947572431061315e-03,6.6947572431061315e-03
